,sold_date,material_code,material_name,order_quant
0,2021-04-01,SR11002,사용수,201164
1,2021-04-01,SR13801,액상리그닌,199
2,2021-04-01,SR15500,공기연행제,6114
3,2021-04-01,SR16002,글루콘산소다,433
4,2021-04-01,SR16600,RA-300S,6609
5,2021-04-01,SR18520,DEA,310
6,2021-04-01,SR35210,PEMA-WRE-600(5,1321
7,2021-04-01,SR35218,WRE-580FX(55%),69344
8,2021-04-01,SR35224,WRE-770,34557
9,2021-04-01,SR35225,WRE-550T,17078
10,2021-04-01,SR35228,SRE-200SD-T,5231
11,2021-04-01,SR35758,M30,1638
12,2021-04-01,SR35903,PCA3000,7819
13,2021-04-01,SR35904,Urea-20%,27512
14,2021-04-01,SR38117,PC소포제,39
15,2021-04-01,SR68222,소포제(MR-130),271
16,2021-04-02,SR11002,사용수,157498
17,2021-04-02,SR13801,액상리그닌,148
18,2021-04-02,SR15500,공기연행제,1068
19,2021-04-02,SR16600,RA-300S,5495
20,2021-04-02,SR34364,PEMA-550XD,615
21,2021-04-02,SR35210,PEMA-WRE-600(5,599
22,2021-04-02,SR35217,SRE-110(50%),599
23,2021-04-02,SR35218,WRE-580FX(55%),30390
24,2021-04-02,SR35224,WRE-770,26056
25,2021-04-02,SR35225,WRE-550T,11834
26,2021-04-02,SR35228,SRE-200SD-T,5339
27,2021-04-02,SR35500,PEMA-500FR,1537
28,2021-04-02,SR35556,PEMA-630XR,1114
29,2021-04-02,SR35903,PCA3000,6590
30,2021-04-02,SR35904,Urea-20%,18650
31,2021-04-02,SR38117,PC소포제,27
32,2021-04-02,SR68222,소포제(MR-130),218
33,2021-04-03,SR11002,사용수,237889
34,2021-04-03,SR13801,액상리그닌,228
35,2021-04-03,SR15500,공기연행제,2376
36,2021-04-03,SR16003,ACTICIDE-MVK,18
37,2021-04-03,SR16600,RA-300S,9120
38,2021-04-03,SR18520,DEA,226
39,2021-04-03,SR34364,PEMA-550XD,589
40,2021-04-03,SR35210,PEMA-WRE-600(5,3223
41,2021-04-03,SR35218,WRE-580FX(55%),23125
42,2021-04-03,SR35224,WRE-770,34737
43,2021-04-03,SR35225,WRE-550T,13461
44,2021-04-03,SR35228,SRE-200SD-T,7110
45,2021-04-03,SR35500,PEMA-500FR,2015
46,2021-04-03,SR35556,PEMA-630XR,2035
47,2021-04-03,SR35758,M30,2061
48,2021-04-03,SR35760,MONODN1501,15
49,2021-04-03,SR35761,MONODN1502,15
50,2021-04-03,SR35765,BDG,213
51,2021-04-03,SR35903,PCA3000,7649
52,2021-04-03,SR35904,Urea-20%,19951
53,2021-04-03,SR38117,PC소포제,81
54,2021-04-03,SR68222,소포제(MR-130),301
55,2021-04-04,SR11002,사용수,114907
56,2021-04-04,SR13801,액상리그닌,104
57,2021-04-04,SR15500,공기연행제,799
58,2021-04-04,SR16002,글루콘산소다,271
59,2021-04-04,SR16600,RA-300S,3617
60,2021-04-04,SR34364,PEMA-550XD,1177
61,2021-04-04,SR35218,WRE-580FX(55%),26309
62,2021-04-04,SR35224,WRE-770,15611
63,2021-04-04,SR35225,WRE-550T,8509
64,2021-04-04,SR35228,SRE-200SD-T,4532
65,2021-04-04,SR35500,PEMA-500FR,2941
66,2021-04-04,SR35556,PEMA-630XR,2132
67,2021-04-04,SR35903,PCA3000,3741
68,2021-04-04,SR35904,Urea-20%,12310
69,2021-04-04,SR38117,PC소포제,19
70,2021-04-04,SR68222,소포제(MR-130),150
71,2021-04-05,SR11002,사용수,68413
72,2021-04-05,SR13801,액상리그닌,83
73,2021-04-05,SR16600,RA-300S,1496
74,2021-04-05,SR35210,PEMA-WRE-600(5,818
75,2021-04-05,SR35218,WRE-580FX(55%),16333
76,2021-04-05,SR35224,WRE-770,8759
77,2021-04-05,SR35225,WRE-550T,10957
78,2021-04-05,SR35228,SRE-200SD-T,2956
79,2021-04-05,SR35758,M30,1032
80,2021-04-05,SR35903,PCA3000,1455
81,2021-04-05,SR35904,Urea-20%,4507
82,2021-04-05,SR38117,PC소포제,25
83,2021-04-05,SR68222,소포제(MR-130),82
84,2021-04-07,SR11002,사용수,136045
85,2021-04-07,SR13801,액상리그닌,116
86,2021-04-07,SR16003,ACTICIDE-MVK,8
87,2021-04-07,SR16600,RA-300S,5191
88,2021-04-07,SR18520,DEA,297
89,2021-04-07,SR35210,PEMA-WRE-600(5,1320
90,2021-04-07,SR35218,WRE-580FX(55%),28286
91,2021-04-07,SR35224,WRE-770,20877
92,2021-04-07,SR35225,WRE-550T,7090
93,2021-04-07,SR35228,SRE-200SD-T,3096
94,2021-04-07,SR35556,PEMA-630XR,883
95,2021-04-07,SR35758,M30,2855
96,2021-04-07,SR35903,PCA3000,5064
97,2021-04-07,SR35904,Urea-20%,13975
98,2021-04-07,SR38117,PC소포제,44
99,2021-04-07,SR68222,소포제(MR-130),171
100,2021-04-08,SR11002,사용수,207339
101,2021-04-08,SR13801,액상리그닌,178
102,2021-04-08,SR15500,공기연행제,3390
103,2021-04-08,SR16002,글루콘산소다,285
104,2021-04-08,SR16003,ACTICIDE-MVK,14
105,2021-04-08,SR16600,RA-300S,8954
106,2021-04-08,SR18520,DEA,264
107,2021-04-08,SR35210,PEMA-WRE-600(5,714
108,2021-04-08,SR35218,WRE-580FX(55%),37918
109,2021-04-08,SR35224,WRE-770,36051
110,2021-04-08,SR35225,WRE-550T,9986
111,2021-04-08,SR35228,SRE-200SD-T,4740
112,2021-04-08,SR35556,PEMA-630XR,734
113,2021-04-08,SR35758,M30,2793
114,2021-04-08,SR35903,PCA3000,8376
115,2021-04-08,SR35904,Urea-20%,23971
116,2021-04-08,SR38117,PC소포제,48
117,2021-04-08,SR68222,소포제(MR-130),283
118,2021-04-09,SR11002,사용수,183045
119,2021-04-09,SR13801,액상리그닌,155
120,2021-04-09,SR15500,공기연행제,5125
121,2021-04-09,SR16600,RA-300S,5385
122,2021-04-09,SR35210,PEMA-WRE-600(5,2692
123,2021-04-09,SR35218,WRE-580FX(55%),36515
124,2021-04-09,SR35224,WRE-770,27096
125,2021-04-09,SR35225,WRE-550T,8242
126,2021-04-09,SR35228,SRE-200SD-T,2764
127,2021-04-09,SR35556,PEMA-630XR,1043
128,2021-04-09,SR35758,M30,3990
129,2021-04-09,SR35903,PCA3000,7131
130,2021-04-09,SR35904,Urea-20%,21241
131,2021-04-09,SR38117,PC소포제,68
132,2021-04-09,SR68222,소포제(MR-130),215
133,2021-04-10,SR11002,사용수,176117
134,2021-04-10,SR13801,액상리그닌,167
135,2021-04-10,SR16600,RA-300S,5906
136,2021-04-10,SR18520,DEA,355
137,2021-04-10,SR34364,PEMA-550XD,653
138,2021-04-10,SR35218,WRE-580FX(55%),16501
139,2021-04-10,SR35224,WRE-770,31259
140,2021-04-10,SR35225,WRE-550T,13664
141,2021-04-10,SR35228,SRE-200SD-T,4736
142,2021-04-10,SR35500,PEMA-500FR,1633
143,2021-04-10,SR35556,PEMA-630XR,1184
144,2021-04-10,SR35758,M30,1271
145,2021-04-10,SR35903,PCA3000,7114
146,2021-04-10,SR35904,Urea-20%,20414
147,2021-04-10,SR38117,PC소포제,40
148,2021-04-10,SR68222,소포제(MR-130),239
149,2021-04-11,SR11002,사용수,130369
150,2021-04-11,SR13801,액상리그닌,107
151,2021-04-11,SR15500,공기연행제,2732
152,2021-04-11,SR16600,RA-300S,5063
153,2021-04-11,SR35218,WRE-580FX(55%),19968
154,2021-04-11,SR35224,WRE-770,27539
155,2021-04-11,SR35225,WRE-550T,4945
156,2021-04-11,SR35228,SRE-200SD-T,2940
157,2021-04-11,SR35903,PCA3000,6212
158,2021-04-11,SR35904,Urea-20%,18501
159,2021-04-11,SR38117,PC소포제,11
160,2021-04-11,SR68222,소포제(MR-130),197
161,2021-04-12,SR11002,사용수,79477
162,2021-04-12,SR13801,액상리그닌,91
163,2021-04-12,SR15500,공기연행제,6116
164,2021-04-12,SR16600,RA-300S,2454
165,2021-04-12,SR35218,WRE-580FX(55%),14290
166,2021-04-12,SR35224,WRE-770,13393
167,2021-04-12,SR35225,WRE-550T,10221
168,2021-04-12,SR35228,SRE-200SD-T,3726
169,2021-04-12,SR35903,PCA3000,2565
170,2021-04-12,SR35904,Urea-20%,7526
171,2021-04-12,SR38117,PC소포제,10
172,2021-04-12,SR68222,소포제(MR-130),118
173,2021-04-14,SR11002,사용수,113738
174,2021-04-14,SR13801,액상리그닌,131
175,2021-04-14,SR15500,공기연행제,2666
176,2021-04-14,SR16600,RA-300S,3529
177,2021-04-14,SR35210,PEMA-WRE-600(5,805
178,2021-04-14,SR35218,WRE-580FX(55%),45126
179,2021-04-14,SR35224,WRE-770,20816
180,2021-04-14,SR35225,WRE-550T,14195
181,2021-04-14,SR35228,SRE-200SD-T,1886
182,2021-04-14,SR35556,PEMA-630XR,1192
183,2021-04-14,SR35758,M30,1443
184,2021-04-14,SR35903,PCA3000,5011
185,2021-04-14,SR35904,Urea-20%,15550
186,2021-04-14,SR38117,PC소포제,31
187,2021-04-14,SR68222,소포제(MR-130),158
188,2021-04-15,SR11002,사용수,185305
189,2021-04-15,SR13801,액상리그닌,144
190,2021-04-15,SR16002,글루콘산소다,591
191,2021-04-15,SR16600,RA-300S,4432
192,2021-04-15,SR34364,PEMA-550XD,815
193,2021-04-15,SR35210,PEMA-WRE-600(5,68
194,2021-04-15,SR35218,WRE-580FX(55%),30780
195,2021-04-15,SR35224,WRE-770,18440
196,2021-04-15,SR35225,WRE-550T,11149
197,2021-04-15,SR35228,SRE-200SD-T,7039
198,2021-04-15,SR35500,PEMA-500FR,2039
199,2021-04-15,SR35556,PEMA-630XR,1478
200,2021-04-15,SR35758,M30,5921
201,2021-04-15,SR35903,PCA3000,4078
202,2021-04-15,SR35904,Urea-20%,12904
203,2021-04-15,SR38117,PC소포제,87
204,2021-04-15,SR68222,소포제(MR-130),190
205,2021-04-16,SR11002,사용수,191726
206,2021-04-16,SR13801,액상리그닌,171
207,2021-04-16,SR15500,공기연행제,849
208,2021-04-16,SR16002,글루콘산소다,513
209,2021-04-16,SR16003,ACTICIDE-MVK,3
210,2021-04-16,SR16600,RA-300S,6700
211,2021-04-16,SR18520,DEA,119
212,2021-04-16,SR35210,PEMA-WRE-600(5,675
213,2021-04-16,SR35218,WRE-580FX(55%),10559
214,2021-04-16,SR35224,WRE-770,29069
215,2021-04-16,SR35225,WRE-550T,8175
216,2021-04-16,SR35228,SRE-200SD-T,5876
217,2021-04-16,SR35556,PEMA-630XR,2334
218,2021-04-16,SR35758,M30,1751
219,2021-04-16,SR35903,PCA3000,8015
220,2021-04-16,SR35904,Urea-20%,20605
221,2021-04-16,SR38117,PC소포제,35
222,2021-04-16,SR68222,소포제(MR-130),286
223,2021-04-17,SR11002,사용수,183293
224,2021-04-17,SR13801,액상리그닌,172
225,2021-04-17,SR15500,공기연행제,4679
226,2021-04-17,SR16600,RA-300S,5891
227,2021-04-17,SR18520,DEA,110
228,2021-04-17,SR35218,WRE-580FX(55%),46643
229,2021-04-17,SR35224,WRE-770,30618
230,2021-04-17,SR35225,WRE-550T,16054
231,2021-04-17,SR35228,SRE-200SD-T,4498
232,2021-04-17,SR35758,M30,3607
233,2021-04-17,SR35903,PCA3000,6956
234,2021-04-17,SR35904,Urea-20%,21783
235,2021-04-17,SR38117,PC소포제,54
236,2021-04-17,SR68222,소포제(MR-130),230
237,2021-04-18,SR11002,사용수,168133
238,2021-04-18,SR13801,액상리그닌,131
239,2021-04-18,SR16002,글루콘산소다,691
240,2021-04-18,SR16600,RA-300S,6100
241,2021-04-18,SR34364,PEMA-550XD,882
242,2021-04-18,SR35218,WRE-580FX(55%),5900
243,2021-04-18,SR35224,WRE-770,30043
244,2021-04-18,SR35225,WRE-550T,6126
245,2021-04-18,SR35228,SRE-200SD-T,2759
246,2021-04-18,SR35500,PEMA-500FR,2206
247,2021-04-18,SR35556,PEMA-630XR,1599
248,2021-04-18,SR35758,M30,1181
249,2021-04-18,SR35903,PCA3000,7528
250,2021-04-18,SR35904,Urea-20%,22047
251,2021-04-18,SR38117,PC소포제,28
252,2021-04-18,SR68222,소포제(MR-130),229
253,2021-04-19,SR11002,사용수,84712
254,2021-04-19,SR13801,액상리그닌,118
255,2021-04-19,SR16600,RA-300S,1771
256,2021-04-19,SR35210,PEMA-WRE-600(5,2890
257,2021-04-19,SR35218,WRE-580FX(55%),21603
258,2021-04-19,SR35224,WRE-770,10034
259,2021-04-19,SR35225,WRE-550T,11436
260,2021-04-19,SR35228,SRE-200SD-T,3645
261,2021-04-19,SR35758,M30,482
262,2021-04-19,SR35903,PCA3000,1574
263,2021-04-19,SR35904,Urea-20%,3817
264,2021-04-19,SR38117,PC소포제,46
265,2021-04-19,SR68222,소포제(MR-130),88
266,2021-04-21,SR11002,사용수,130803
267,2021-04-21,SR13801,액상리그닌,103
268,2021-04-21,SR15500,공기연행제,13443
269,2021-04-21,SR16002,글루콘산소다,78
270,2021-04-21,SR16600,RA-300S,4599
271,2021-04-21,SR35210,PEMA-WRE-600(5,658
272,2021-04-21,SR35218,WRE-580FX(55%),8898
273,2021-04-21,SR35224,WRE-770,20273
274,2021-04-21,SR35225,WRE-550T,4378
275,2021-04-21,SR35228,SRE-200SD-T,4266
276,2021-04-21,SR35556,PEMA-630XR,953
277,2021-04-21,SR35758,M30,1431
278,2021-04-21,SR35903,PCA3000,5415
279,2021-04-21,SR35904,Urea-20%,12730
280,2021-04-21,SR38117,PC소포제,16
281,2021-04-21,SR68222,소포제(MR-130),184
282,2021-04-22,SR11002,사용수,191031
283,2021-04-22,SR13801,액상리그닌,152
284,2021-04-22,SR15500,공기연행제,3744
285,2021-04-22,SR16002,글루콘산소다,310
286,2021-04-22,SR16600,RA-300S,5380
287,2021-04-22,SR35218,WRE-580FX(55%),43175
288,2021-04-22,SR35224,WRE-770,25322
289,2021-04-22,SR35225,WRE-550T,9900
290,2021-04-22,SR35228,SRE-200SD-T,6204
291,2021-04-22,SR35500,PEMA-500FR,888
292,2021-04-22,SR35758,M30,4602
293,2021-04-22,SR35760,MONODN1501,24
294,2021-04-22,SR35761,MONODN1502,24
295,2021-04-22,SR35765,BDG,350
296,2021-04-22,SR35903,PCA3000,5665
297,2021-04-22,SR35904,Urea-20%,18506
298,2021-04-22,SR38117,PC소포제,72
299,2021-04-22,SR68222,소포제(MR-130),220
300,2021-04-23,SR11002,사용수,187037
301,2021-04-23,SR13801,액상리그닌,188
302,2021-04-23,SR16600,RA-300S,5607
303,2021-04-23,SR35210,PEMA-WRE-600(5,909
304,2021-04-23,SR35218,WRE-580FX(55%),20315
305,2021-04-23,SR35224,WRE-770,30676
306,2021-04-23,SR35225,WRE-550T,17633
307,2021-04-23,SR35228,SRE-200SD-T,3308
308,2021-04-23,SR35556,PEMA-630XR,103
309,2021-04-23,SR35758,M30,3841
310,2021-04-23,SR35903,PCA3000,7136
311,2021-04-23,SR35904,Urea-20%,21017
312,2021-04-23,SR38117,PC소포제,69
313,2021-04-23,SR68222,소포제(MR-130),227
314,2021-04-24,SR11002,사용수,203099
315,2021-04-24,SR13801,액상리그닌,191
316,2021-04-24,SR15500,공기연행제,1985
317,2021-04-24,SR16002,글루콘산소다,240
318,2021-04-24,SR16600,RA-300S,7355
319,2021-04-24,SR35218,WRE-580FX(55%),35014
320,2021-04-24,SR35224,WRE-770,34423
321,2021-04-24,SR35225,WRE-550T,11939
322,2021-04-24,SR35228,SRE-200SD-T,7645
323,2021-04-24,SR35556,PEMA-630XR,495
324,2021-04-24,SR35903,PCA3000,8292
325,2021-04-24,SR35904,Urea-20%,24540
326,2021-04-24,SR38117,PC소포제,14
327,2021-04-24,SR68222,소포제(MR-130),305
328,2021-04-25,SR11002,사용수,180098
329,2021-04-25,SR13801,액상리그닌,170
330,2021-04-25,SR16003,ACTICIDE-MVK,12
331,2021-04-25,SR16600,RA-300S,7023
332,2021-04-25,SR18520,DEA,103
333,2021-04-25,SR34364,PEMA-550XD,580
334,2021-04-25,SR35218,WRE-580FX(55%),22768
335,2021-04-25,SR35224,WRE-770,26792
336,2021-04-25,SR35225,WRE-550T,14783
337,2021-04-25,SR35228,SRE-200SD-T,7447
338,2021-04-25,SR35500,PEMA-500FR,1449
339,2021-04-25,SR35556,PEMA-630XR,1050
340,2021-04-25,SR35758,M30,1705
341,2021-04-25,SR35903,PCA3000,5439
342,2021-04-25,SR35904,Urea-20%,14649
343,2021-04-25,SR38117,PC소포제,42
344,2021-04-25,SR68222,소포제(MR-130),239
345,2021-04-26,SR11002,사용수,46890
346,2021-04-26,SR13801,액상리그닌,35
347,2021-04-26,SR16600,RA-300S,1669
348,2021-04-26,SR34364,PEMA-550XD,345
349,2021-04-26,SR35218,WRE-580FX(55%),1546
350,2021-04-26,SR35224,WRE-770,10394
351,2021-04-26,SR35225,WRE-550T,2539
352,2021-04-26,SR35228,SRE-200SD-T,567
353,2021-04-26,SR35500,PEMA-500FR,863
354,2021-04-26,SR35556,PEMA-630XR,626
355,2021-04-26,SR35903,PCA3000,2209
356,2021-04-26,SR35904,Urea-20%,6052
357,2021-04-26,SR38117,PC소포제,4
358,2021-04-26,SR68222,소포제(MR-130),68
359,2021-04-28,SR11002,사용수,107308
360,2021-04-28,SR13801,액상리그닌,89
361,2021-04-28,SR16600,RA-300S,3263
362,2021-04-28,SR35210,PEMA-WRE-600(5,276
363,2021-04-28,SR35218,WRE-580FX(55%),18453
364,2021-04-28,SR35224,WRE-770,17262
365,2021-04-28,SR35225,WRE-550T,6278
366,2021-04-28,SR35228,SRE-200SD-T,1425
367,2021-04-28,SR35556,PEMA-630XR,933
368,2021-04-28,SR35758,M30,2858
369,2021-04-28,SR35903,PCA3000,4555
370,2021-04-28,SR35904,Urea-20%,13049
371,2021-04-28,SR38117,PC소포제,37
372,2021-04-28,SR68222,소포제(MR-130),136
373,2021-04-29,SR11002,사용수,157754
374,2021-04-29,SR13801,액상리그닌,144
375,2021-04-29,SR15500,공기연행제,8894
376,2021-04-29,SR16002,글루콘산소다,576
377,2021-04-29,SR16600,RA-300S,5472
378,2021-04-29,SR18520,DEA,61
379,2021-04-29,SR35218,WRE-580FX(55%),56593
380,2021-04-29,SR35224,WRE-770,27685
381,2021-04-29,SR35225,WRE-550T,12031
382,2021-04-29,SR35228,SRE-200SD-T,4444
383,2021-04-29,SR35758,M30,1373
384,2021-04-29,SR35903,PCA3000,6273
385,2021-04-29,SR35904,Urea-20%,22182
386,2021-04-29,SR38117,PC소포제,19
387,2021-04-29,SR68222,소포제(MR-130),223
388,2021-04-30,SR11002,사용수,139989
389,2021-04-30,SR13801,액상리그닌,129
390,2021-04-30,SR15500,공기연행제,1429
391,2021-04-30,SR16600,RA-300S,4899
392,2021-04-30,SR34364,PEMA-550XD,307
393,2021-04-30,SR35218,WRE-580FX(55%),28709
394,2021-04-30,SR35224,WRE-770,22260
395,2021-04-30,SR35225,WRE-550T,8929
396,2021-04-30,SR35228,SRE-200SD-T,5966
397,2021-04-30,SR35500,PEMA-500FR,768
398,2021-04-30,SR35556,PEMA-630XR,557
399,2021-04-30,SR35903,PCA3000,5145
400,2021-04-30,SR35904,Urea-20%,15492
401,2021-04-30,SR38117,PC소포제,13
402,2021-04-30,SR68222,소포제(MR-130),200
403,2021-05-01,SR11002,사용수,177653
404,2021-05-01,SR13801,액상리그닌,162
405,2021-05-01,SR15500,공기연행제,3448
406,2021-05-01,SR16003,ACTICIDE-MVK,14
407,2021-05-01,SR16600,RA-300S,7587
408,2021-05-01,SR18520,DEA,59
409,2021-05-01,SR34364,PEMA-550XD,254
410,2021-05-01,SR35210,PEMA-WRE-600(5,276
411,2021-05-01,SR35218,WRE-580FX(55%),16343
412,2021-05-01,SR35224,WRE-770,28307
413,2021-05-01,SR35225,WRE-550T,11584
414,2021-05-01,SR35228,SRE-200SD-T,6081
415,2021-05-01,SR35500,PEMA-500FR,635
416,2021-05-01,SR35556,PEMA-630XR,1164
417,2021-05-01,SR35758,M30,1742
418,2021-05-01,SR35903,PCA3000,6323
419,2021-05-01,SR35904,Urea-20%,16337
420,2021-05-01,SR38117,PC소포제,38
421,2021-05-01,SR68222,소포제(MR-130),249
422,2021-05-02,SR11002,사용수,175961
423,2021-05-02,SR13801,액상리그닌,140
424,2021-05-02,SR16600,RA-300S,5207
425,2021-05-02,SR18520,DEA,412
426,2021-05-02,SR34364,PEMA-550XD,902
427,2021-05-02,SR35218,WRE-580FX(55%),11094
428,2021-05-02,SR35224,WRE-770,28129
429,2021-05-02,SR35225,WRE-550T,8848
430,2021-05-02,SR35228,SRE-200SD-T,4572
431,2021-05-02,SR35500,PEMA-500FR,2256
432,2021-05-02,SR35556,PEMA-630XR,2109
433,2021-05-02,SR35758,M30,3222
434,2021-05-02,SR35903,PCA3000,6331
435,2021-05-02,SR35904,Urea-20%,16847
436,2021-05-02,SR38117,PC소포제,63
437,2021-05-02,SR68222,소포제(MR-130),219
438,2021-05-03,SR11002,사용수,59127
439,2021-05-03,SR13801,액상리그닌,86
440,2021-05-03,SR16600,RA-300S,1352
441,2021-05-03,SR35210,PEMA-WRE-600(5,1759
442,2021-05-03,SR35218,WRE-580FX(55%),25652
443,2021-05-03,SR35224,WRE-770,9115
444,2021-05-03,SR35225,WRE-550T,11380
445,2021-05-03,SR35228,SRE-200SD-T,763
446,2021-05-03,SR35758,M30,1194
447,2021-05-03,SR35903,PCA3000,1704
448,2021-05-03,SR35904,Urea-20%,5170
449,2021-05-03,SR38117,PC소포제,34
450,2021-05-03,SR68222,소포제(MR-130),58
451,2021-05-05,SR11002,사용수,158015
452,2021-05-05,SR13801,액상리그닌,135
453,2021-05-05,SR16002,글루콘산소다,486
454,2021-05-05,SR16600,RA-300S,4907
455,2021-05-05,SR34364,PEMA-550XD,595
456,2021-05-05,SR35210,PEMA-WRE-600(5,705
457,2021-05-05,SR35218,WRE-580FX(55%),6583
458,2021-05-05,SR35224,WRE-770,26651
459,2021-05-05,SR35225,WRE-550T,8742
460,2021-05-05,SR35228,SRE-200SD-T,2125
461,2021-05-05,SR35500,PEMA-500FR,1487
462,2021-05-05,SR35556,PEMA-630XR,2178
463,2021-05-05,SR35758,M30,2469
464,2021-05-05,SR35903,PCA3000,6721
465,2021-05-05,SR35904,Urea-20%,18293
466,2021-05-05,SR38117,PC소포제,47
467,2021-05-05,SR68222,소포제(MR-130),210
468,2021-05-06,SR11002,사용수,122254
469,2021-05-06,SR13801,액상리그닌,117
470,2021-05-06,SR16002,글루콘산소다,169
471,2021-05-06,SR16600,RA-300S,3516
472,2021-05-06,SR34364,PEMA-550XD,572
473,2021-05-06,SR35218,WRE-580FX(55%),20881
474,2021-05-06,SR35224,WRE-770,18950
475,2021-05-06,SR35225,WRE-550T,12345
476,2021-05-06,SR35228,SRE-200SD-T,2654
477,2021-05-06,SR35500,PEMA-500FR,1429
478,2021-05-06,SR35556,PEMA-630XR,1036
479,2021-05-06,SR35758,M30,2635
480,2021-05-06,SR35903,PCA3000,4198
481,2021-05-06,SR35904,Urea-20%,12678
482,2021-05-06,SR38117,PC소포제,46
483,2021-05-06,SR68222,소포제(MR-130),142
484,2021-05-07,SR11002,사용수,131151
485,2021-05-07,SR13801,액상리그닌,113
486,2021-05-07,SR15500,공기연행제,10275
487,2021-05-07,SR16600,RA-300S,4210
488,2021-05-07,SR35218,WRE-580FX(55%),15421
489,2021-05-07,SR35224,WRE-770,22987
490,2021-05-07,SR35225,WRE-550T,6317
491,2021-05-07,SR35228,SRE-200SD-T,3674
492,2021-05-07,SR35556,PEMA-630XR,718
493,2021-05-07,SR35758,M30,1312
494,2021-05-07,SR35903,PCA3000,5325
495,2021-05-07,SR35904,Urea-20%,15516
496,2021-05-07,SR38117,PC소포제,31
497,2021-05-07,SR68222,소포제(MR-130),190
498,2021-05-08,SR11002,사용수,126701
499,2021-05-08,SR13801,액상리그닌,110
500,2021-05-08,SR15500,공기연행제,933
501,2021-05-08,SR16600,RA-300S,4374
502,2021-05-08,SR34364,PEMA-550XD,370
503,2021-05-08,SR35218,WRE-580FX(55%),37727
504,2021-05-08,SR35224,WRE-770,24482
505,2021-05-08,SR35225,WRE-550T,9551
506,2021-05-08,SR35228,SRE-200SD-T,1723
507,2021-05-08,SR35500,PEMA-500FR,924
508,2021-05-08,SR35556,PEMA-630XR,670
509,2021-05-08,SR35758,M30,1572
510,2021-05-08,SR35903,PCA3000,5620
511,2021-05-08,SR35904,Urea-20%,18622
512,2021-05-08,SR38117,PC소포제,25
513,2021-05-08,SR68222,소포제(MR-130),168
514,2021-05-09,SR11002,사용수,134060
515,2021-05-09,SR13801,액상리그닌,117
516,2021-05-09,SR15500,공기연행제,9445
517,2021-05-09,SR16002,글루콘산소다,170
518,2021-05-09,SR16600,RA-300S,4598
519,2021-05-09,SR18520,DEA,379
520,2021-05-09,SR35210,PEMA-WRE-600(5,534
521,2021-05-09,SR35218,WRE-580FX(55%),7190
522,2021-05-09,SR35224,WRE-770,24410
523,2021-05-09,SR35225,WRE-550T,5967
524,2021-05-09,SR35228,SRE-200SD-T,4739
525,2021-05-09,SR35556,PEMA-630XR,1091
526,2021-05-09,SR35903,PCA3000,5756
527,2021-05-09,SR35904,Urea-20%,15043
528,2021-05-09,SR38117,PC소포제,10
529,2021-05-09,SR68222,소포제(MR-130),212
530,2021-05-10,SR11002,사용수,73272
531,2021-05-10,SR13801,액상리그닌,96
532,2021-05-10,SR16600,RA-300S,2417
533,2021-05-10,SR35210,PEMA-WRE-600(5,1789
534,2021-05-10,SR35218,WRE-580FX(55%),17603
535,2021-05-10,SR35224,WRE-770,11720
536,2021-05-10,SR35225,WRE-550T,9838
537,2021-05-10,SR35228,SRE-200SD-T,1411
538,2021-05-10,SR35758,M30,298
539,2021-05-10,SR35903,PCA3000,2870
540,2021-05-10,SR35904,Urea-20%,7436
541,2021-05-10,SR38117,PC소포제,20
542,2021-05-10,SR68222,소포제(MR-130),88
543,2021-05-12,SR11002,사용수,107772
544,2021-05-12,SR13801,액상리그닌,89
545,2021-05-12,SR16600,RA-300S,3796
546,2021-05-12,SR35210,PEMA-WRE-600(5,1134
547,2021-05-12,SR35218,WRE-580FX(55%),6284
548,2021-05-12,SR35224,WRE-770,18082
549,2021-05-12,SR35225,WRE-550T,1947
550,2021-05-12,SR35228,SRE-200SD-T,2516
551,2021-05-12,SR35500,PEMA-500FR,535
552,2021-05-12,SR35758,M30,189
553,2021-05-12,SR35760,MONODN1501,14
554,2021-05-12,SR35761,MONODN1502,14
555,2021-05-12,SR35765,BDG,211
556,2021-05-12,SR35903,PCA3000,4523
557,2021-05-12,SR35904,Urea-20%,12694
558,2021-05-12,SR38117,PC소포제,21
559,2021-05-12,SR68222,소포제(MR-130),142
560,2021-05-13,SR11002,사용수,127582
561,2021-05-13,SR13801,액상리그닌,109
562,2021-05-13,SR15500,공기연행제,2292
563,2021-05-13,SR16600,RA-300S,4485
564,2021-05-13,SR18520,DEA,470
565,2021-05-13,SR35210,PEMA-WRE-600(5,239
566,2021-05-13,SR35218,WRE-580FX(55%),6276
567,2021-05-13,SR35224,WRE-770,23814
568,2021-05-13,SR35225,WRE-550T,4914
569,2021-05-13,SR35228,SRE-200SD-T,4772
570,2021-05-13,SR35556,PEMA-630XR,780
571,2021-05-13,SR35903,PCA3000,5445
572,2021-05-13,SR35904,Urea-20%,13935
573,2021-05-13,SR38117,PC소포제,13
574,2021-05-13,SR68222,소포제(MR-130),199
575,2021-05-14,SR11002,사용수,217135
576,2021-05-14,SR13801,액상리그닌,205
577,2021-05-14,SR15500,공기연행제,11737
578,2021-05-14,SR16600,RA-300S,5149
579,2021-05-14,SR35210,PEMA-WRE-600(5,1200
580,2021-05-14,SR35218,WRE-580FX(55%),39951
581,2021-05-14,SR35224,WRE-770,27354
582,2021-05-14,SR35225,WRE-550T,21235
583,2021-05-14,SR35228,SRE-200SD-T,4640
584,2021-05-14,SR35556,PEMA-630XR,1073
585,2021-05-14,SR35758,M30,8182
586,2021-05-14,SR35903,PCA3000,6485
587,2021-05-14,SR35904,Urea-20%,18549
588,2021-05-14,SR38117,PC소포제,116
589,2021-05-14,SR68222,소포제(MR-130),229
590,2021-05-15,SR11002,사용수,204187
591,2021-05-15,SR13801,액상리그닌,168
592,2021-05-15,SR16002,글루콘산소다,517
593,2021-05-15,SR16600,RA-300S,6853
594,2021-05-15,SR35210,PEMA-WRE-600(5,889
595,2021-05-15,SR35218,WRE-580FX(55%),71111
596,2021-05-15,SR35224,WRE-770,34235
597,2021-05-15,SR35225,WRE-550T,9144
598,2021-05-15,SR35228,SRE-200SD-T,3003
599,2021-05-15,SR35758,M30,3884
600,2021-05-15,SR35903,PCA3000,8476
601,2021-05-15,SR35904,Urea-20%,30657
602,2021-05-15,SR38117,PC소포제,59
603,2021-05-15,SR68222,소포제(MR-130),252
604,2021-05-16,SR11002,사용수,221338
605,2021-05-16,SR13801,액상리그닌,222
606,2021-05-16,SR15500,공기연행제,10546
607,2021-05-16,SR16600,RA-300S,6465
608,2021-05-16,SR34364,PEMA-550XD,77
609,2021-05-16,SR35218,WRE-580FX(55%),32322
610,2021-05-16,SR35224,WRE-770,33463
611,2021-05-16,SR35225,WRE-550T,24753
612,2021-05-16,SR35228,SRE-200SD-T,6781
613,2021-05-16,SR35500,PEMA-500FR,295
614,2021-05-16,SR35556,PEMA-630XR,140
615,2021-05-16,SR35758,M30,4524
616,2021-05-16,SR35760,MONODN1501,3
617,2021-05-16,SR35761,MONODN1502,3
618,2021-05-16,SR35765,BDG,40
619,2021-05-16,SR35903,PCA3000,7285
620,2021-05-16,SR35904,Urea-20%,20587
621,2021-05-16,SR38117,PC소포제,67
622,2021-05-16,SR68222,소포제(MR-130),274
623,2021-05-17,SR11002,사용수,95138
624,2021-05-17,SR13801,액상리그닌,77
625,2021-05-17,SR16002,글루콘산소다,424
626,2021-05-17,SR16600,RA-300S,3435
627,2021-05-17,SR35218,WRE-580FX(55%),6296
628,2021-05-17,SR35224,WRE-770,16745
629,2021-05-17,SR35225,WRE-550T,3921
630,2021-05-17,SR35228,SRE-200SD-T,3120
631,2021-05-17,SR35903,PCA3000,4096
632,2021-05-17,SR35904,Urea-20%,12101
633,2021-05-17,SR68222,소포제(MR-130),146
634,2021-05-20,SR11002,사용수,187382
635,2021-05-20,SR13801,액상리그닌,151
636,2021-05-20,SR15500,공기연행제,1328
637,2021-05-20,SR16600,RA-300S,5914
638,2021-05-20,SR35218,WRE-580FX(55%),24460
639,2021-05-20,SR35224,WRE-770,32152
640,2021-05-20,SR35225,WRE-550T,10395
641,2021-05-20,SR35228,SRE-200SD-T,4242
642,2021-05-20,SR35758,M30,4088
643,2021-05-20,SR35903,PCA3000,7065
644,2021-05-20,SR35904,Urea-20%,20388
645,2021-05-20,SR38117,PC소포제,59
646,2021-05-20,SR68222,소포제(MR-130),234
647,2021-05-21,SR11002,사용수,173071
648,2021-05-21,SR13801,액상리그닌,169
649,2021-05-21,SR16002,글루콘산소다,521
650,2021-05-21,SR16003,ACTICIDE-MVK,24
651,2021-05-21,SR16600,RA-300S,9379
652,2021-05-21,SR18520,DEA,402
653,2021-05-21,SR34364,PEMA-550XD,414
654,2021-05-21,SR35218,WRE-580FX(55%),29397
655,2021-05-21,SR35224,WRE-770,29786
656,2021-05-21,SR35225,WRE-550T,10400
657,2021-05-21,SR35228,SRE-200SD-T,5816
658,2021-05-21,SR35500,PEMA-500FR,1035
659,2021-05-21,SR35556,PEMA-630XR,750
660,2021-05-21,SR35903,PCA3000,6831
661,2021-05-21,SR35904,Urea-20%,20774
662,2021-05-21,SR38117,PC소포제,23
663,2021-05-21,SR68222,소포제(MR-130),255
664,2021-05-22,SR11002,사용수,191064
665,2021-05-22,SR13801,액상리그닌,177
666,2021-05-22,SR15500,공기연행제,10037
667,2021-05-22,SR16002,글루콘산소다,691
668,2021-05-22,SR16600,RA-300S,6126
669,2021-05-22,SR35218,WRE-580FX(55%),38074
670,2021-05-22,SR35224,WRE-770,24549
671,2021-05-22,SR35225,WRE-550T,12926
672,2021-05-22,SR35228,SRE-200SD-T,7958
673,2021-05-22,SR35758,M30,2759
674,2021-05-22,SR35903,PCA3000,6078
675,2021-05-22,SR35904,Urea-20%,19193
676,2021-05-22,SR38117,PC소포제,44
677,2021-05-22,SR68222,소포제(MR-130),247
678,2021-05-23,SR11002,사용수,175592
679,2021-05-23,SR13801,액상리그닌,142
680,2021-05-23,SR15500,공기연행제,1085
681,2021-05-23,SR16600,RA-300S,5635
682,2021-05-23,SR34364,PEMA-550XD,136
683,2021-05-23,SR35210,PEMA-WRE-600(5,241
684,2021-05-23,SR35218,WRE-580FX(55%),29630
685,2021-05-23,SR35224,WRE-770,26092
686,2021-05-23,SR35225,WRE-550T,6799
687,2021-05-23,SR35228,SRE-200SD-T,8362
688,2021-05-23,SR35500,PEMA-500FR,340
689,2021-05-23,SR35556,PEMA-630XR,1317
690,2021-05-23,SR35758,M30,1151
691,2021-05-23,SR35903,PCA3000,5888
692,2021-05-23,SR35904,Urea-20%,14693
693,2021-05-23,SR38117,PC소포제,25
694,2021-05-23,SR68222,소포제(MR-130),253
695,2021-05-24,SR11002,사용수,129419
696,2021-05-24,SR13801,액상리그닌,159
697,2021-05-24,SR16600,RA-300S,3403
698,2021-05-24,SR18520,DEA,352
699,2021-05-24,SR34364,PEMA-550XD,340
700,2021-05-24,SR35210,PEMA-WRE-600(5,2683
701,2021-05-24,SR35218,WRE-580FX(55%),32866
702,2021-05-24,SR35224,WRE-770,20817
703,2021-05-24,SR35225,WRE-550T,14196
704,2021-05-24,SR35228,SRE-200SD-T,3392
705,2021-05-24,SR35500,PEMA-500FR,850
706,2021-05-24,SR35556,PEMA-630XR,1124
707,2021-05-24,SR35758,M30,447
708,2021-05-24,SR35903,PCA3000,4357
709,2021-05-24,SR35904,Urea-20%,13426
710,2021-05-24,SR38117,PC소포제,53
711,2021-05-24,SR68222,소포제(MR-130),163
712,2021-05-26,SR11002,사용수,21147
713,2021-05-26,SR13801,액상리그닌,14
714,2021-05-26,SR15500,공기연행제,7928
715,2021-05-26,SR16600,RA-300S,233
716,2021-05-26,SR35218,WRE-580FX(55%),3567
717,2021-05-26,SR35225,WRE-550T,1802
718,2021-05-26,SR35228,SRE-200SD-T,1141
719,2021-05-26,SR35758,M30,1503
720,2021-05-26,SR38117,PC소포제,17
721,2021-05-26,SR68222,소포제(MR-130),13
722,2021-05-27,SR11002,사용수,161419
723,2021-05-27,SR13801,액상리그닌,133
724,2021-05-27,SR15500,공기연행제,4700
725,2021-05-27,SR16600,RA-300S,5947
726,2021-05-27,SR35210,PEMA-WRE-600(5,307
727,2021-05-27,SR35218,WRE-580FX(55%),4389
728,2021-05-27,SR35224,WRE-770,33381
729,2021-05-27,SR35225,WRE-550T,7395
730,2021-05-27,SR35228,SRE-200SD-T,2253
731,2021-05-27,SR35556,PEMA-630XR,548
732,2021-05-27,SR35758,M30,1709
733,2021-05-27,SR35903,PCA3000,7848
734,2021-05-27,SR35904,Urea-20%,20134
735,2021-05-27,SR38117,PC소포제,30
736,2021-05-27,SR68222,소포제(MR-130),231
737,2021-05-28,SR11002,사용수,166088
738,2021-05-28,SR13801,액상리그닌,144
739,2021-05-28,SR16600,RA-300S,4611
740,2021-05-28,SR35210,PEMA-WRE-600(5,850
741,2021-05-28,SR35218,WRE-580FX(55%),9563
742,2021-05-28,SR35224,WRE-770,27184
743,2021-05-28,SR35225,WRE-550T,10574
744,2021-05-28,SR35228,SRE-200SD-T,3307
745,2021-05-28,SR35556,PEMA-630XR,496
746,2021-05-28,SR35758,M30,3872
747,2021-05-28,SR35903,PCA3000,5934
748,2021-05-28,SR35904,Urea-20%,16208
749,2021-05-28,SR38117,PC소포제,67
750,2021-05-28,SR68222,소포제(MR-130),203
751,2021-05-29,SR11002,사용수,159137
752,2021-05-29,SR13801,액상리그닌,123
753,2021-05-29,SR16600,RA-300S,4706
754,2021-05-29,SR34364,PEMA-550XD,512
755,2021-05-29,SR35218,WRE-580FX(55%),29869
756,2021-05-29,SR35224,WRE-770,25004
757,2021-05-29,SR35225,WRE-550T,7330
758,2021-05-29,SR35228,SRE-200SD-T,4206
759,2021-05-29,SR35500,PEMA-500FR,1891
760,2021-05-29,SR35556,PEMA-630XR,927
761,2021-05-29,SR35758,M30,2054
762,2021-05-29,SR35760,MONODN1501,16
763,2021-05-29,SR35761,MONODN1502,16
764,2021-05-29,SR35765,BDG,241
765,2021-05-29,SR35903,PCA3000,5590
766,2021-05-29,SR35904,Urea-20%,19077
767,2021-05-29,SR38117,PC소포제,47
768,2021-05-29,SR68222,소포제(MR-130),201
769,2021-05-30,SR11002,사용수,120963
770,2021-05-30,SR13801,액상리그닌,118
771,2021-05-30,SR15500,공기연행제,833
772,2021-05-30,SR16002,글루콘산소다,253
773,2021-05-30,SR16600,RA-300S,3811
774,2021-05-30,SR34364,PEMA-550XD,1408
775,2021-05-30,SR35218,WRE-580FX(55%),30857
776,2021-05-30,SR35224,WRE-770,17064
777,2021-05-30,SR35225,WRE-550T,11598
778,2021-05-30,SR35228,SRE-200SD-T,4229
779,2021-05-30,SR35500,PEMA-500FR,3519
780,2021-05-30,SR35556,PEMA-630XR,2551
781,2021-05-30,SR35903,PCA3000,4093
782,2021-05-30,SR35904,Urea-20%,13380
783,2021-05-30,SR38117,PC소포제,21
784,2021-05-30,SR68222,소포제(MR-130),156
785,2021-05-31,SR11002,사용수,71956
786,2021-05-31,SR13801,액상리그닌,86
787,2021-05-31,SR16600,RA-300S,1540
788,2021-05-31,SR35210,PEMA-WRE-600(5,856
789,2021-05-31,SR35218,WRE-580FX(55%),15928
790,2021-05-31,SR35224,WRE-770,9022
791,2021-05-31,SR35225,WRE-550T,10833
792,2021-05-31,SR35228,SRE-200SD-T,2919
793,2021-05-31,SR35758,M30,1401
794,2021-05-31,SR35903,PCA3000,1517
795,2021-05-31,SR35904,Urea-20%,4573
796,2021-05-31,SR38117,PC소포제,31
797,2021-05-31,SR68222,소포제(MR-130),83
798,2021-06-02,SR11002,사용수,141802
799,2021-06-02,SR13801,액상리그닌,121
800,2021-06-02,SR16003,ACTICIDE-MVK,12
801,2021-06-02,SR16600,RA-300S,5967
802,2021-06-02,SR18520,DEA,371
803,2021-06-02,SR35210,PEMA-WRE-600(5,1291
804,2021-06-02,SR35218,WRE-580FX(55%),26088
805,2021-06-02,SR35224,WRE-770,22122
806,2021-06-02,SR35225,WRE-550T,6954
807,2021-06-02,SR35228,SRE-200SD-T,3528
808,2021-06-02,SR35556,PEMA-630XR,827
809,2021-06-02,SR35758,M30,2530
810,2021-06-02,SR35903,PCA3000,5281
811,2021-06-02,SR35904,Urea-20%,14373
812,2021-06-02,SR38117,PC소포제,41
813,2021-06-02,SR68222,소포제(MR-130),184
814,2021-06-03,SR11002,사용수,206167
815,2021-06-03,SR13801,액상리그닌,177
816,2021-06-03,SR15500,공기연행제,3509
817,2021-06-03,SR16002,글루콘산소다,321
818,2021-06-03,SR16003,ACTICIDE-MVK,14
819,2021-06-03,SR16600,RA-300S,8812
820,2021-06-03,SR18520,DEA,243
821,2021-06-03,SR35210,PEMA-WRE-600(5,662
822,2021-06-03,SR35218,WRE-580FX(55%),36218
823,2021-06-03,SR35224,WRE-770,35609
824,2021-06-03,SR35225,WRE-550T,10327
825,2021-06-03,SR35228,SRE-200SD-T,4959
826,2021-06-03,SR35556,PEMA-630XR,749
827,2021-06-03,SR35758,M30,2781
828,2021-06-03,SR35903,PCA3000,8157
829,2021-06-03,SR35904,Urea-20%,23226
830,2021-06-03,SR38117,PC소포제,48
831,2021-06-03,SR68222,소포제(MR-130),284
832,2021-06-04,SR11002,사용수,191702
833,2021-06-04,SR13801,액상리그닌,161
834,2021-06-04,SR15500,공기연행제,4893
835,2021-06-04,SR16600,RA-300S,5667
836,2021-06-04,SR35210,PEMA-WRE-600(5,2647
837,2021-06-04,SR35218,WRE-580FX(55%),41504
838,2021-06-04,SR35224,WRE-770,28485
839,2021-06-04,SR35225,WRE-550T,8710
840,2021-06-04,SR35228,SRE-200SD-T,3213
841,2021-06-04,SR35556,PEMA-630XR,1265
842,2021-06-04,SR35758,M30,3959
843,2021-06-04,SR35903,PCA3000,7508
844,2021-06-04,SR35904,Urea-20%,22492
845,2021-06-04,SR38117,PC소포제,66
846,2021-06-04,SR68222,소포제(MR-130),232
847,2021-06-05,SR11002,사용수,181549
848,2021-06-05,SR13801,액상리그닌,163
849,2021-06-05,SR16600,RA-300S,6155
850,2021-06-05,SR18520,DEA,375
851,2021-06-05,SR34364,PEMA-550XD,497
852,2021-06-05,SR35218,WRE-580FX(55%),14243
853,2021-06-05,SR35224,WRE-770,32039
854,2021-06-05,SR35225,WRE-550T,12015
855,2021-06-05,SR35228,SRE-200SD-T,4406
856,2021-06-05,SR35500,PEMA-500FR,1242
857,2021-06-05,SR35556,PEMA-630XR,900
858,2021-06-05,SR35758,M30,1914
859,2021-06-05,SR35903,PCA3000,7503
860,2021-06-05,SR35904,Urea-20%,21504
861,2021-06-05,SR38117,PC소포제,41
862,2021-06-05,SR68222,소포제(MR-130),244
863,2021-06-06,SR11002,사용수,133970
864,2021-06-06,SR13801,액상리그닌,109
865,2021-06-06,SR15500,공기연행제,2629
866,2021-06-06,SR16600,RA-300S,5221
867,2021-06-06,SR35218,WRE-580FX(55%),20402
868,2021-06-06,SR35224,WRE-770,28460
869,2021-06-06,SR35225,WRE-550T,5209
870,2021-06-06,SR35228,SRE-200SD-T,2702
871,2021-06-06,SR35500,PEMA-500FR,96
872,2021-06-06,SR35760,MONODN1501,3
873,2021-06-06,SR35761,MONODN1502,3
874,2021-06-06,SR35765,BDG,38
875,2021-06-06,SR35903,PCA3000,6488
876,2021-06-06,SR35904,Urea-20%,19459
877,2021-06-06,SR38117,PC소포제,13
878,2021-06-06,SR68222,소포제(MR-130),201
879,2021-06-07,SR11002,사용수,75984
880,2021-06-07,SR13801,액상리그닌,89
881,2021-06-07,SR15500,공기연행제,7334
882,2021-06-07,SR16600,RA-300S,2303
883,2021-06-07,SR35218,WRE-580FX(55%),14347
884,2021-06-07,SR35224,WRE-770,12962
885,2021-06-07,SR35225,WRE-550T,10531
886,2021-06-07,SR35228,SRE-200SD-T,3524
887,2021-06-07,SR35903,PCA3000,2429
888,2021-06-07,SR35904,Urea-20%,7225
889,2021-06-07,SR38117,PC소포제,10
890,2021-06-07,SR68222,소포제(MR-130),113
891,2021-06-09,SR11002,사용수,113331
892,2021-06-09,SR13801,액상리그닌,130
893,2021-06-09,SR15500,공기연행제,2028
894,2021-06-09,SR16600,RA-300S,3585
895,2021-06-09,SR35210,PEMA-WRE-600(5,860
896,2021-06-09,SR35218,WRE-580FX(55%),50718
897,2021-06-09,SR35224,WRE-770,20691
898,2021-06-09,SR35225,WRE-550T,13488
899,2021-06-09,SR35228,SRE-200SD-T,2131
900,2021-06-09,SR35556,PEMA-630XR,1129
901,2021-06-09,SR35758,M30,1218
902,2021-06-09,SR35903,PCA3000,4975
903,2021-06-09,SR35904,Urea-20%,16069
904,2021-06-09,SR38117,PC소포제,30
905,2021-06-09,SR68222,소포제(MR-130),159
906,2021-06-10,SR11002,사용수,178668
907,2021-06-10,SR13801,액상리그닌,136
908,2021-06-10,SR16002,글루콘산소다,673
909,2021-06-10,SR16600,RA-300S,4383
910,2021-06-10,SR34364,PEMA-550XD,812
911,2021-06-10,SR35210,PEMA-WRE-600(5,80
912,2021-06-10,SR35218,WRE-580FX(55%),26996
913,2021-06-10,SR35224,WRE-770,18363
914,2021-06-10,SR35225,WRE-550T,10874
915,2021-06-10,SR35228,SRE-200SD-T,5820
916,2021-06-10,SR35500,PEMA-500FR,2030
917,2021-06-10,SR35556,PEMA-630XR,1471
918,2021-06-10,SR35758,M30,6125
919,2021-06-10,SR35903,PCA3000,4271
920,2021-06-10,SR35904,Urea-20%,13158
921,2021-06-10,SR38117,PC소포제,87
922,2021-06-10,SR68222,소포제(MR-130),179
923,2021-06-11,SR11002,사용수,187777
924,2021-06-11,SR13801,액상리그닌,168
925,2021-06-11,SR15500,공기연행제,832
926,2021-06-11,SR16002,글루콘산소다,440
927,2021-06-11,SR16003,ACTICIDE-MVK,3
928,2021-06-11,SR16600,RA-300S,6575
929,2021-06-11,SR18520,DEA,161
930,2021-06-11,SR35210,PEMA-WRE-600(5,564
931,2021-06-11,SR35218,WRE-580FX(55%),9913
932,2021-06-11,SR35224,WRE-770,29157
933,2021-06-11,SR35225,WRE-550T,8244
934,2021-06-11,SR35228,SRE-200SD-T,5501
935,2021-06-11,SR35556,PEMA-630XR,2321
936,2021-06-11,SR35758,M30,1707
937,2021-06-11,SR35903,PCA3000,7984
938,2021-06-11,SR35904,Urea-20%,20646
939,2021-06-11,SR38117,PC소포제,34
940,2021-06-11,SR68222,소포제(MR-130),282
941,2021-06-12,SR11002,사용수,179420
942,2021-06-12,SR13801,액상리그닌,170
943,2021-06-12,SR15500,공기연행제,3517
944,2021-06-12,SR16600,RA-300S,5730
945,2021-06-12,SR18520,DEA,82
946,2021-06-12,SR35218,WRE-580FX(55%),43622
947,2021-06-12,SR35224,WRE-770,29679
948,2021-06-12,SR35225,WRE-550T,15972
949,2021-06-12,SR35228,SRE-200SD-T,4658
950,2021-06-12,SR35758,M30,3458
951,2021-06-12,SR35903,PCA3000,6691
952,2021-06-12,SR35904,Urea-20%,20686
953,2021-06-12,SR38117,PC소포제,52
954,2021-06-12,SR68222,소포제(MR-130),226
955,2021-06-13,SR11002,사용수,158634
956,2021-06-13,SR13801,액상리그닌,123
957,2021-06-13,SR16002,글루콘산소다,597
958,2021-06-13,SR16600,RA-300S,5664
959,2021-06-13,SR34364,PEMA-550XD,869
960,2021-06-13,SR35218,WRE-580FX(55%),5880
961,2021-06-13,SR35224,WRE-770,27919
962,2021-06-13,SR35225,WRE-550T,5989
963,2021-06-13,SR35228,SRE-200SD-T,2509
964,2021-06-13,SR35500,PEMA-500FR,2173
965,2021-06-13,SR35556,PEMA-630XR,1575
966,2021-06-13,SR35758,M30,1350
967,2021-06-13,SR35903,PCA3000,7022
968,2021-06-13,SR35904,Urea-20%,20647
969,2021-06-13,SR38117,PC소포제,29
970,2021-06-13,SR68222,소포제(MR-130),212
971,2021-06-14,SR11002,사용수,84855
972,2021-06-14,SR13801,액상리그닌,111
973,2021-06-14,SR16600,RA-300S,1802
974,2021-06-14,SR35210,PEMA-WRE-600(5,2772
975,2021-06-14,SR35218,WRE-580FX(55%),19405
976,2021-06-14,SR35224,WRE-770,9799
977,2021-06-14,SR35225,WRE-550T,9571
978,2021-06-14,SR35228,SRE-200SD-T,3883
979,2021-06-14,SR35758,M30,462
980,2021-06-14,SR35903,PCA3000,1544
981,2021-06-14,SR35904,Urea-20%,3745
982,2021-06-14,SR38117,PC소포제,44
983,2021-06-14,SR68222,소포제(MR-130),91
984,2021-06-16,SR11002,사용수,122731
985,2021-06-16,SR13801,액상리그닌,95
986,2021-06-16,SR15500,공기연행제,11938
987,2021-06-16,SR16002,글루콘산소다,61
988,2021-06-16,SR16600,RA-300S,4239
989,2021-06-16,SR35210,PEMA-WRE-600(5,599
990,2021-06-16,SR35218,WRE-580FX(55%),8934
991,2021-06-16,SR35224,WRE-770,18407
992,2021-06-16,SR35225,WRE-550T,4191
993,2021-06-16,SR35228,SRE-200SD-T,4248
994,2021-06-16,SR35556,PEMA-630XR,792
995,2021-06-16,SR35758,M30,1510
996,2021-06-16,SR35903,PCA3000,4858
997,2021-06-16,SR35904,Urea-20%,11380
998,2021-06-16,SR38117,PC소포제,17
999,2021-06-16,SR68222,소포제(MR-130),170
1000,2021-06-17,SR11002,사용수,183239
1001,2021-06-17,SR13801,액상리그닌,146
1002,2021-06-17,SR15500,공기연행제,3662
1003,2021-06-17,SR16002,글루콘산소다,327
1004,2021-06-17,SR16600,RA-300S,5026
1005,2021-06-17,SR35218,WRE-580FX(55%),43707
1006,2021-06-17,SR35224,WRE-770,23925
1007,2021-06-17,SR35225,WRE-550T,10264
1008,2021-06-17,SR35228,SRE-200SD-T,5123
1009,2021-06-17,SR35500,PEMA-500FR,818
1010,2021-06-17,SR35758,M30,5295
1011,2021-06-17,SR35760,MONODN1501,22
1012,2021-06-17,SR35761,MONODN1502,22
1013,2021-06-17,SR35765,BDG,322
1014,2021-06-17,SR35903,PCA3000,5465
1015,2021-06-17,SR35904,Urea-20%,18304
1016,2021-06-17,SR38117,PC소포제,78
1017,2021-06-17,SR68222,소포제(MR-130),202
1018,2021-06-18,SR11002,사용수,178402
1019,2021-06-18,SR13801,액상리그닌,178
1020,2021-06-18,SR16600,RA-300S,5395
1021,2021-06-18,SR35210,PEMA-WRE-600(5,854
1022,2021-06-18,SR35218,WRE-580FX(55%),19241
1023,2021-06-18,SR35224,WRE-770,29879
1024,2021-06-18,SR35225,WRE-550T,17034
1025,2021-06-18,SR35228,SRE-200SD-T,3081
1026,2021-06-18,SR35556,PEMA-630XR,113
1027,2021-06-18,SR35758,M30,3430
1028,2021-06-18,SR35903,PCA3000,6926
1029,2021-06-18,SR35904,Urea-20%,20514
1030,2021-06-18,SR38117,PC소포제,64
1031,2021-06-18,SR68222,소포제(MR-130),221
1032,2021-06-19,SR11002,사용수,186621
1033,2021-06-19,SR13801,액상리그닌,177
1034,2021-06-19,SR15500,공기연행제,1997
1035,2021-06-19,SR16002,글루콘산소다,165
1036,2021-06-19,SR16600,RA-300S,6770
1037,2021-06-19,SR34311,PEMA-350B,70
1038,2021-06-19,SR35217,SRE-110(50%),70
1039,2021-06-19,SR35218,WRE-580FX(55%),31470
1040,2021-06-19,SR35224,WRE-770,31984
1041,2021-06-19,SR35225,WRE-550T,11808
1042,2021-06-19,SR35228,SRE-200SD-T,6764
1043,2021-06-19,SR35556,PEMA-630XR,565
1044,2021-06-19,SR35760,MONODN1501,3
1045,2021-06-19,SR35761,MONODN1502,3
1046,2021-06-19,SR35765,BDG,41
1047,2021-06-19,SR35903,PCA3000,7758
1048,2021-06-19,SR35904,Urea-20%,22502
1049,2021-06-19,SR38117,PC소포제,14
1050,2021-06-19,SR68222,소포제(MR-130),280
1051,2021-06-20,SR11002,사용수,171027
1052,2021-06-20,SR13801,액상리그닌,149
1053,2021-06-20,SR16003,ACTICIDE-MVK,11
1054,2021-06-20,SR16600,RA-300S,6639
1055,2021-06-20,SR18520,DEA,82
1056,2021-06-20,SR34364,PEMA-550XD,554
1057,2021-06-20,SR35218,WRE-580FX(55%),19160
1058,2021-06-20,SR35224,WRE-770,24605
1059,2021-06-20,SR35225,WRE-550T,11489
1060,2021-06-20,SR35228,SRE-200SD-T,7161
1061,2021-06-20,SR35500,PEMA-500FR,1385
1062,2021-06-20,SR35556,PEMA-630XR,1004
1063,2021-06-20,SR35758,M30,1825
1064,2021-06-20,SR35903,PCA3000,5097
1065,2021-06-20,SR35904,Urea-20%,13652
1066,2021-06-20,SR38117,PC소포제,39
1067,2021-06-20,SR68222,소포제(MR-130),225
1068,2021-06-21,SR11002,사용수,42366
1069,2021-06-21,SR13801,액상리그닌,32
1070,2021-06-21,SR16600,RA-300S,1503
1071,2021-06-21,SR34364,PEMA-550XD,161
1072,2021-06-21,SR35218,WRE-580FX(55%),1726
1073,2021-06-21,SR35224,WRE-770,9545
1074,2021-06-21,SR35225,WRE-550T,2586
1075,2021-06-21,SR35228,SRE-200SD-T,633
1076,2021-06-21,SR35500,PEMA-500FR,403
1077,2021-06-21,SR35556,PEMA-630XR,292
1078,2021-06-21,SR35903,PCA3000,1987
1079,2021-06-21,SR35904,Urea-20%,5616
1080,2021-06-21,SR38117,PC소포제,2
1081,2021-06-21,SR68222,소포제(MR-130),64
1082,2021-06-23,SR11002,사용수,101611
1083,2021-06-23,SR13801,액상리그닌,82
1084,2021-06-23,SR16600,RA-300S,3180
1085,2021-06-23,SR35210,PEMA-WRE-600(5,264
1086,2021-06-23,SR35218,WRE-580FX(55%),14737
1087,2021-06-23,SR35224,WRE-770,16869
1088,2021-06-23,SR35225,WRE-550T,5614
1089,2021-06-23,SR35228,SRE-200SD-T,1473
1090,2021-06-23,SR35556,PEMA-630XR,748
1091,2021-06-23,SR35758,M30,2406
1092,2021-06-23,SR35903,PCA3000,4354
1093,2021-06-23,SR35904,Urea-20%,12406
1094,2021-06-23,SR38117,PC소포제,32
1095,2021-06-23,SR68222,소포제(MR-130),132
1096,2021-06-24,SR11002,사용수,142113
1097,2021-06-24,SR13801,액상리그닌,134
1098,2021-06-24,SR15500,공기연행제,6328
1099,2021-06-24,SR16002,글루콘산소다,554
1100,2021-06-24,SR16600,RA-300S,4944
1101,2021-06-24,SR18520,DEA,53
1102,2021-06-24,SR35218,WRE-580FX(55%),57332
1103,2021-06-24,SR35224,WRE-770,24231
1104,2021-06-24,SR35225,WRE-550T,11543
1105,2021-06-24,SR35228,SRE-200SD-T,3922
1106,2021-06-24,SR35758,M30,1355
1107,2021-06-24,SR35903,PCA3000,5664
1108,2021-06-24,SR35904,Urea-20%,20784
1109,2021-06-24,SR38117,PC소포제,20
1110,2021-06-24,SR68222,소포제(MR-130),196
1111,2021-06-25,SR11002,사용수,130733
1112,2021-06-25,SR13801,액상리그닌,120
1113,2021-06-25,SR15500,공기연행제,1646
1114,2021-06-25,SR16600,RA-300S,4618
1115,2021-06-25,SR34364,PEMA-550XD,298
1116,2021-06-25,SR35218,WRE-580FX(55%),27076
1117,2021-06-25,SR35224,WRE-770,21427
1118,2021-06-25,SR35225,WRE-550T,8462
1119,2021-06-25,SR35228,SRE-200SD-T,5334
1120,2021-06-25,SR35500,PEMA-500FR,746
1121,2021-06-25,SR35556,PEMA-630XR,541
1122,2021-06-25,SR35903,PCA3000,4919
1123,2021-06-25,SR35904,Urea-20%,14696
1124,2021-06-25,SR38117,PC소포제,12
1125,2021-06-25,SR68222,소포제(MR-130),186
1126,2021-06-26,SR11002,사용수,171697
1127,2021-06-26,SR13801,액상리그닌,156
1128,2021-06-26,SR15500,공기연행제,4091
1129,2021-06-26,SR16003,ACTICIDE-MVK,12
1130,2021-06-26,SR16600,RA-300S,7047
1131,2021-06-26,SR18520,DEA,58
1132,2021-06-26,SR34364,PEMA-550XD,187
1133,2021-06-26,SR35210,PEMA-WRE-600(5,197
1134,2021-06-26,SR35218,WRE-580FX(55%),15134
1135,2021-06-26,SR35224,WRE-770,27677
1136,2021-06-26,SR35225,WRE-550T,11090
1137,2021-06-26,SR35228,SRE-200SD-T,5746
1138,2021-06-26,SR35500,PEMA-500FR,562
1139,2021-06-26,SR35556,PEMA-630XR,1108
1140,2021-06-26,SR35758,M30,1716
1141,2021-06-26,SR35760,MONODN1501,3
1142,2021-06-26,SR35761,MONODN1502,3
1143,2021-06-26,SR35765,BDG,38
1144,2021-06-26,SR35903,PCA3000,6203
1145,2021-06-26,SR35904,Urea-20%,15947
1146,2021-06-26,SR38117,PC소포제,37
1147,2021-06-26,SR68222,소포제(MR-130),242
1148,2021-06-27,SR11002,사용수,162037
1149,2021-06-27,SR13801,액상리그닌,129
1150,2021-06-27,SR16600,RA-300S,4682
1151,2021-06-27,SR18520,DEA,418
1152,2021-06-27,SR34364,PEMA-550XD,793
1153,2021-06-27,SR35218,WRE-580FX(55%),10620
1154,2021-06-27,SR35224,WRE-770,25629
1155,2021-06-27,SR35225,WRE-550T,8715
1156,2021-06-27,SR35228,SRE-200SD-T,4084
1157,2021-06-27,SR35500,PEMA-500FR,1983
1158,2021-06-27,SR35556,PEMA-630XR,1826
1159,2021-06-27,SR35758,M30,3432
1160,2021-06-27,SR35903,PCA3000,5696
1161,2021-06-27,SR35904,Urea-20%,15126
1162,2021-06-27,SR38117,PC소포제,63
1163,2021-06-27,SR68222,소포제(MR-130),196
1164,2021-06-28,SR11002,사용수,57803
1165,2021-06-28,SR13801,액상리그닌,80
1166,2021-06-28,SR16600,RA-300S,1263
1167,2021-06-28,SR35210,PEMA-WRE-600(5,1712
1168,2021-06-28,SR35218,WRE-580FX(55%),22971
1169,2021-06-28,SR35224,WRE-770,8646
1170,2021-06-28,SR35225,WRE-550T,10183
1171,2021-06-28,SR35228,SRE-200SD-T,790
1172,2021-06-28,SR35758,M30,1306
1173,2021-06-28,SR35903,PCA3000,1582
1174,2021-06-28,SR35904,Urea-20%,4769
1175,2021-06-28,SR38117,PC소포제,34
1176,2021-06-28,SR68222,소포제(MR-130),55
1177,2021-06-30,SR11002,사용수,138280
1178,2021-06-30,SR13801,액상리그닌,115
1179,2021-06-30,SR16002,글루콘산소다,310
1180,2021-06-30,SR16600,RA-300S,4195
1181,2021-06-30,SR34364,PEMA-550XD,654
1182,2021-06-30,SR35210,PEMA-WRE-600(5,534
1183,2021-06-30,SR35218,WRE-580FX(55%),5492
1184,2021-06-30,SR35224,WRE-770,22891
1185,2021-06-30,SR35225,WRE-550T,7673
1186,2021-06-30,SR35228,SRE-200SD-T,1508
1187,2021-06-30,SR35500,PEMA-500FR,1636
1188,2021-06-30,SR35556,PEMA-630XR,2166
1189,2021-06-30,SR35758,M30,2471
1190,2021-06-30,SR35903,PCA3000,5885
1191,2021-06-30,SR35904,Urea-20%,16204
1192,2021-06-30,SR38117,PC소포제,44
1193,2021-06-30,SR68222,소포제(MR-130),178
1194,2021-07-01,SR11002,사용수,107559
1195,2021-07-01,SR13801,액상리그닌,104
1196,2021-07-01,SR16002,글루콘산소다,220
1197,2021-07-01,SR16600,RA-300S,3029
1198,2021-07-01,SR34364,PEMA-550XD,429
1199,2021-07-01,SR35218,WRE-580FX(55%),13702
1200,2021-07-01,SR35224,WRE-770,16095
1201,2021-07-01,SR35225,WRE-550T,10496
1202,2021-07-01,SR35228,SRE-200SD-T,2313
1203,2021-07-01,SR35500,PEMA-500FR,1073
1204,2021-07-01,SR35556,PEMA-630XR,778
1205,2021-07-01,SR35758,M30,2600
1206,2021-07-01,SR35903,PCA3000,3611
1207,2021-07-01,SR35904,Urea-20%,10783
1208,2021-07-01,SR38117,PC소포제,46
1209,2021-07-01,SR68222,소포제(MR-130),123
1210,2021-07-02,SR11002,사용수,107834
1211,2021-07-02,SR13801,액상리그닌,91
1212,2021-07-02,SR15500,공기연행제,7752
1213,2021-07-02,SR16600,RA-300S,3654
1214,2021-07-02,SR35218,WRE-580FX(55%),16036
1215,2021-07-02,SR35224,WRE-770,19799
1216,2021-07-02,SR35225,WRE-550T,4862
1217,2021-07-02,SR35228,SRE-200SD-T,2537
1218,2021-07-02,SR35556,PEMA-630XR,568
1219,2021-07-02,SR35758,M30,894
1220,2021-07-02,SR35903,PCA3000,4740
1221,2021-07-02,SR35904,Urea-20%,14312
1222,2021-07-02,SR38117,PC소포제,20
1223,2021-07-02,SR68222,소포제(MR-130),157
1224,2021-07-03,SR11002,사용수,98745
1225,2021-07-03,SR13801,액상리그닌,90
1226,2021-07-03,SR15500,공기연행제,1121
1227,2021-07-03,SR16600,RA-300S,3418
1228,2021-07-03,SR34364,PEMA-550XD,234
1229,2021-07-03,SR35218,WRE-580FX(55%),30070
1230,2021-07-03,SR35224,WRE-770,19169
1231,2021-07-03,SR35225,WRE-550T,8591
1232,2021-07-03,SR35228,SRE-200SD-T,1393
1233,2021-07-03,SR35500,PEMA-500FR,584
1234,2021-07-03,SR35556,PEMA-630XR,424
1235,2021-07-03,SR35758,M30,1144
1236,2021-07-03,SR35903,PCA3000,4400
1237,2021-07-03,SR35904,Urea-20%,14621
1238,2021-07-03,SR38117,PC소포제,20
1239,2021-07-03,SR68222,소포제(MR-130),132
1240,2021-07-04,SR11002,사용수,108315
1241,2021-07-04,SR13801,액상리그닌,94
1242,2021-07-04,SR15500,공기연행제,7655
1243,2021-07-04,SR16002,글루콘산소다,112
1244,2021-07-04,SR16600,RA-300S,3680
1245,2021-07-04,SR18520,DEA,396
1246,2021-07-04,SR35210,PEMA-WRE-600(5,390
1247,2021-07-04,SR35218,WRE-580FX(55%),5767
1248,2021-07-04,SR35224,WRE-770,19772
1249,2021-07-04,SR35225,WRE-550T,4945
1250,2021-07-04,SR35228,SRE-200SD-T,3826
1251,2021-07-04,SR35556,PEMA-630XR,935
1252,2021-07-04,SR35903,PCA3000,4678
1253,2021-07-04,SR35904,Urea-20%,12382
1254,2021-07-04,SR38117,PC소포제,9
1255,2021-07-04,SR68222,소포제(MR-130),171
1256,2021-07-05,SR11002,사용수,66955
1257,2021-07-05,SR13801,액상리그닌,84
1258,2021-07-05,SR16600,RA-300S,2163
1259,2021-07-05,SR35210,PEMA-WRE-600(5,1684
1260,2021-07-05,SR35218,WRE-580FX(55%),15194
1261,2021-07-05,SR35224,WRE-770,10212
1262,2021-07-05,SR35225,WRE-550T,7971
1263,2021-07-05,SR35228,SRE-200SD-T,1477
1264,2021-07-05,SR35758,M30,281
1265,2021-07-05,SR35903,PCA3000,2510
1266,2021-07-05,SR35904,Urea-20%,6538
1267,2021-07-05,SR38117,PC소포제,19
1268,2021-07-05,SR68222,소포제(MR-130),79
1269,2021-07-07,SR11002,사용수,91394
1270,2021-07-07,SR13801,액상리그닌,74
1271,2021-07-07,SR16600,RA-300S,3306
1272,2021-07-07,SR35210,PEMA-WRE-600(5,835
1273,2021-07-07,SR35218,WRE-580FX(55%),5021
1274,2021-07-07,SR35224,WRE-770,15922
1275,2021-07-07,SR35225,WRE-550T,1720
1276,2021-07-07,SR35228,SRE-200SD-T,2055
1277,2021-07-07,SR35500,PEMA-500FR,453
1278,2021-07-07,SR35758,M30,139
1279,2021-07-07,SR35760,MONODN1501,12
1280,2021-07-07,SR35761,MONODN1502,12
1281,2021-07-07,SR35765,BDG,179
1282,2021-07-07,SR35903,PCA3000,3954
1283,2021-07-07,SR35904,Urea-20%,10862
1284,2021-07-07,SR38117,PC소포제,15
1285,2021-07-07,SR68222,소포제(MR-130),122
1286,2021-07-08,SR11002,사용수,105699
1287,2021-07-08,SR13801,액상리그닌,91
1288,2021-07-08,SR15500,공기연행제,2911
1289,2021-07-08,SR16600,RA-300S,3715
1290,2021-07-08,SR18520,DEA,360
1291,2021-07-08,SR35210,PEMA-WRE-600(5,304
1292,2021-07-08,SR35218,WRE-580FX(55%),5283
1293,2021-07-08,SR35224,WRE-770,19429
1294,2021-07-08,SR35225,WRE-550T,3926
1295,2021-07-08,SR35228,SRE-200SD-T,3935
1296,2021-07-08,SR35556,PEMA-630XR,685
1297,2021-07-08,SR35903,PCA3000,4525
1298,2021-07-08,SR35904,Urea-20%,11618
1299,2021-07-08,SR38117,PC소포제,10
1300,2021-07-08,SR68222,소포제(MR-130),165
1301,2021-07-09,SR11002,사용수,174618
1302,2021-07-09,SR13801,액상리그닌,169
1303,2021-07-09,SR15500,공기연행제,9151
1304,2021-07-09,SR16600,RA-300S,4121
1305,2021-07-09,SR35210,PEMA-WRE-600(5,625
1306,2021-07-09,SR35218,WRE-580FX(55%),31592
1307,2021-07-09,SR35224,WRE-770,22946
1308,2021-07-09,SR35225,WRE-550T,18724
1309,2021-07-09,SR35228,SRE-200SD-T,3417
1310,2021-07-09,SR35556,PEMA-630XR,714
1311,2021-07-09,SR35758,M30,6865
1312,2021-07-09,SR35903,PCA3000,5250
1313,2021-07-09,SR35904,Urea-20%,15150
1314,2021-07-09,SR38117,PC소포제,98
1315,2021-07-09,SR68222,소포제(MR-130),183
1316,2021-07-10,SR11002,사용수,177539
1317,2021-07-10,SR13801,액상리그닌,144
1318,2021-07-10,SR16002,글루콘산소다,440
1319,2021-07-10,SR16600,RA-300S,6018
1320,2021-07-10,SR35210,PEMA-WRE-600(5,696
1321,2021-07-10,SR35218,WRE-580FX(55%),61560
1322,2021-07-10,SR35224,WRE-770,29689
1323,2021-07-10,SR35225,WRE-550T,7797
1324,2021-07-10,SR35228,SRE-200SD-T,2359
1325,2021-07-10,SR35758,M30,3581
1326,2021-07-10,SR35903,PCA3000,7490
1327,2021-07-10,SR35904,Urea-20%,26980
1328,2021-07-10,SR38117,PC소포제,51
1329,2021-07-10,SR68222,소포제(MR-130),218
1330,2021-07-11,SR11002,사용수,185347
1331,2021-07-11,SR13801,액상리그닌,178
1332,2021-07-11,SR15500,공기연행제,8056
1333,2021-07-11,SR16600,RA-300S,5474
1334,2021-07-11,SR34364,PEMA-550XD,62
1335,2021-07-11,SR35218,WRE-580FX(55%),24399
1336,2021-07-11,SR35224,WRE-770,28085
1337,2021-07-11,SR35225,WRE-550T,18520
1338,2021-07-11,SR35228,SRE-200SD-T,5798
1339,2021-07-11,SR35500,PEMA-500FR,247
1340,2021-07-11,SR35556,PEMA-630XR,113
1341,2021-07-11,SR35758,M30,3506
1342,2021-07-11,SR35760,MONODN1501,2
1343,2021-07-11,SR35761,MONODN1502,2
1344,2021-07-11,SR35765,BDG,36
1345,2021-07-11,SR35903,PCA3000,6174
1346,2021-07-11,SR35904,Urea-20%,17754
1347,2021-07-11,SR38117,PC소포제,54
1348,2021-07-11,SR68222,소포제(MR-130),233
1349,2021-07-12,SR11002,사용수,78868
1350,2021-07-12,SR13801,액상리그닌,64
1351,2021-07-12,SR16002,글루콘산소다,375
1352,2021-07-12,SR16600,RA-300S,2923
1353,2021-07-12,SR35218,WRE-580FX(55%),4820
1354,2021-07-12,SR35224,WRE-770,14070
1355,2021-07-12,SR35225,WRE-550T,3020
1356,2021-07-12,SR35228,SRE-200SD-T,2408
1357,2021-07-12,SR35903,PCA3000,3512
1358,2021-07-12,SR35904,Urea-20%,10333
1359,2021-07-12,SR68222,소포제(MR-130),121
1360,2021-07-15,SR11002,사용수,154557
1361,2021-07-15,SR13801,액상리그닌,123
1362,2021-07-15,SR15500,공기연행제,1623
1363,2021-07-15,SR16600,RA-300S,4823
1364,2021-07-15,SR35218,WRE-580FX(55%),18165
1365,2021-07-15,SR35224,WRE-770,26129
1366,2021-07-15,SR35225,WRE-550T,8704
1367,2021-07-15,SR35228,SRE-200SD-T,3383
1368,2021-07-15,SR35758,M30,3630
1369,2021-07-15,SR35903,PCA3000,5781
1370,2021-07-15,SR35904,Urea-20%,16517
1371,2021-07-15,SR38117,PC소포제,52
1372,2021-07-15,SR68222,소포제(MR-130),191
1373,2021-07-16,SR11002,사용수,138192
1374,2021-07-16,SR13801,액상리그닌,137
1375,2021-07-16,SR16002,글루콘산소다,396
1376,2021-07-16,SR16003,ACTICIDE-MVK,18
1377,2021-07-16,SR16600,RA-300S,7346
1378,2021-07-16,SR18520,DEA,337
1379,2021-07-16,SR34364,PEMA-550XD,256
1380,2021-07-16,SR35218,WRE-580FX(55%),22657
1381,2021-07-16,SR35224,WRE-770,24162
1382,2021-07-16,SR35225,WRE-550T,8366
1383,2021-07-16,SR35228,SRE-200SD-T,4743
1384,2021-07-16,SR35500,PEMA-500FR,641
1385,2021-07-16,SR35556,PEMA-630XR,465
1386,2021-07-16,SR35903,PCA3000,5448
1387,2021-07-16,SR35904,Urea-20%,16457
1388,2021-07-16,SR38117,PC소포제,20
1389,2021-07-16,SR68222,소포제(MR-130),205
1390,2021-07-17,SR11002,사용수,155460
1391,2021-07-17,SR13801,액상리그닌,148
1392,2021-07-17,SR15500,공기연행제,7771
1393,2021-07-17,SR16002,글루콘산소다,539
1394,2021-07-17,SR16600,RA-300S,4884
1395,2021-07-17,SR35218,WRE-580FX(55%),31128
1396,2021-07-17,SR35224,WRE-770,19747
1397,2021-07-17,SR35225,WRE-550T,12310
1398,2021-07-17,SR35228,SRE-200SD-T,5754
1399,2021-07-17,SR35758,M30,2935
1400,2021-07-17,SR35903,PCA3000,5004
1401,2021-07-17,SR35904,Urea-20%,15761
1402,2021-07-17,SR38117,PC소포제,42
1403,2021-07-17,SR68222,소포제(MR-130),193
1404,2021-07-18,SR11002,사용수,143782
1405,2021-07-18,SR13801,액상리그닌,117
1406,2021-07-18,SR15500,공기연행제,992
1407,2021-07-18,SR16600,RA-300S,4509
1408,2021-07-18,SR34364,PEMA-550XD,71
1409,2021-07-18,SR35210,PEMA-WRE-600(5,225
1410,2021-07-18,SR35218,WRE-580FX(55%),24258
1411,2021-07-18,SR35224,WRE-770,21172
1412,2021-07-18,SR35225,WRE-550T,6066
1413,2021-07-18,SR35228,SRE-200SD-T,6928
1414,2021-07-18,SR35500,PEMA-500FR,176
1415,2021-07-18,SR35556,PEMA-630XR,1150
1416,2021-07-18,SR35758,M30,998
1417,2021-07-18,SR35903,PCA3000,4755
1418,2021-07-18,SR35904,Urea-20%,11778
1419,2021-07-18,SR38117,PC소포제,21
1420,2021-07-18,SR68222,소포제(MR-130),208
1421,2021-07-19,SR11002,사용수,105735
1422,2021-07-19,SR13801,액상리그닌,133
1423,2021-07-19,SR16600,RA-300S,2952
1424,2021-07-19,SR18520,DEA,254
1425,2021-07-19,SR34364,PEMA-550XD,134
1426,2021-07-19,SR35210,PEMA-WRE-600(5,1965
1427,2021-07-19,SR35218,WRE-580FX(55%),28617
1428,2021-07-19,SR35224,WRE-770,17830
1429,2021-07-19,SR35225,WRE-550T,12490
1430,2021-07-19,SR35228,SRE-200SD-T,2802
1431,2021-07-19,SR35500,PEMA-500FR,335
1432,2021-07-19,SR35556,PEMA-630XR,611
1433,2021-07-19,SR35758,M30,327
1434,2021-07-19,SR35903,PCA3000,3736
1435,2021-07-19,SR35904,Urea-20%,11396
1436,2021-07-19,SR38117,PC소포제,39
1437,2021-07-19,SR68222,소포제(MR-130),137
1438,2021-07-21,SR11002,사용수,16092
1439,2021-07-21,SR13801,액상리그닌,11
1440,2021-07-21,SR15500,공기연행제,5355
1441,2021-07-21,SR16600,RA-300S,197
1442,2021-07-21,SR35218,WRE-580FX(55%),2767
1443,2021-07-21,SR35225,WRE-550T,1249
1444,2021-07-21,SR35228,SRE-200SD-T,965
1445,2021-07-21,SR35758,M30,1042
1446,2021-07-21,SR38117,PC소포제,12
1447,2021-07-21,SR68222,소포제(MR-130),11
1448,2021-07-22,SR11002,사용수,126632
1449,2021-07-22,SR13801,액상리그닌,103
1450,2021-07-22,SR15500,공기연행제,4080
1451,2021-07-22,SR16600,RA-300S,4950
1452,2021-07-22,SR35210,PEMA-WRE-600(5,155
1453,2021-07-22,SR35218,WRE-580FX(55%),2358
1454,2021-07-22,SR35224,WRE-770,27694
1455,2021-07-22,SR35225,WRE-550T,5093
1456,2021-07-22,SR35228,SRE-200SD-T,1422
1457,2021-07-22,SR35556,PEMA-630XR,322
1458,2021-07-22,SR35758,M30,878
1459,2021-07-22,SR35903,PCA3000,6571
1460,2021-07-22,SR35904,Urea-20%,17072
1461,2021-07-22,SR38117,PC소포제,18
1462,2021-07-22,SR68222,소포제(MR-130),186
1463,2021-07-23,SR11002,사용수,133256
1464,2021-07-23,SR13801,액상리그닌,112
1465,2021-07-23,SR16600,RA-300S,3760
1466,2021-07-23,SR35210,PEMA-WRE-600(5,507
1467,2021-07-23,SR35218,WRE-580FX(55%),7643
1468,2021-07-23,SR35224,WRE-770,21103
1469,2021-07-23,SR35225,WRE-550T,8302
1470,2021-07-23,SR35228,SRE-200SD-T,2274
1471,2021-07-23,SR35556,PEMA-630XR,271
1472,2021-07-23,SR35758,M30,3685
1473,2021-07-23,SR35903,PCA3000,4829
1474,2021-07-23,SR35904,Urea-20%,13427
1475,2021-07-23,SR38117,PC소포제,56
1476,2021-07-23,SR68222,소포제(MR-130),157
1477,2021-07-24,SR11002,사용수,132759
1478,2021-07-24,SR13801,액상리그닌,103
1479,2021-07-24,SR16600,RA-300S,3976
1480,2021-07-24,SR34364,PEMA-550XD,480
1481,2021-07-24,SR35218,WRE-580FX(55%),23970
1482,2021-07-24,SR35224,WRE-770,20916
1483,2021-07-24,SR35225,WRE-550T,5890
1484,2021-07-24,SR35228,SRE-200SD-T,3351
1485,2021-07-24,SR35500,PEMA-500FR,1649
1486,2021-07-24,SR35556,PEMA-630XR,871
1487,2021-07-24,SR35758,M30,1681
1488,2021-07-24,SR35760,MONODN1501,12
1489,2021-07-24,SR35761,MONODN1502,12
1490,2021-07-24,SR35765,BDG,177
1491,2021-07-24,SR35903,PCA3000,4773
1492,2021-07-24,SR35904,Urea-20%,16296
1493,2021-07-24,SR38117,PC소포제,38
1494,2021-07-24,SR68222,소포제(MR-130),168
1495,2021-07-25,SR11002,사용수,92644
1496,2021-07-25,SR13801,액상리그닌,89
1497,2021-07-25,SR15500,공기연행제,744
1498,2021-07-25,SR16002,글루콘산소다,251
1499,2021-07-25,SR16600,RA-300S,2956
1500,2021-07-25,SR34364,PEMA-550XD,977
1501,2021-07-25,SR35218,WRE-580FX(55%),20539
1502,2021-07-25,SR35224,WRE-770,13025
1503,2021-07-25,SR35225,WRE-550T,8025
1504,2021-07-25,SR35228,SRE-200SD-T,3326
1505,2021-07-25,SR35500,PEMA-500FR,2442
1506,2021-07-25,SR35556,PEMA-630XR,1771
1507,2021-07-25,SR35903,PCA3000,3156
1508,2021-07-25,SR35904,Urea-20%,10214
1509,2021-07-25,SR38117,PC소포제,16
1510,2021-07-25,SR68222,소포제(MR-130),122
1511,2021-07-26,SR11002,사용수,57779
1512,2021-07-26,SR13801,액상리그닌,69
1513,2021-07-26,SR16600,RA-300S,1239
1514,2021-07-26,SR35210,PEMA-WRE-600(5,542
1515,2021-07-26,SR35218,WRE-580FX(55%),13581
1516,2021-07-26,SR35224,WRE-770,7060
1517,2021-07-26,SR35225,WRE-550T,9421
1518,2021-07-26,SR35228,SRE-200SD-T,2306
1519,2021-07-26,SR35758,M30,1304
1520,2021-07-26,SR35903,PCA3000,1222
1521,2021-07-26,SR35904,Urea-20%,3707
1522,2021-07-26,SR38117,PC소포제,24
1523,2021-07-26,SR68222,소포제(MR-130),65
1524,2021-07-28,SR11002,사용수,120218
1525,2021-07-28,SR13801,액상리그닌,105
1526,2021-07-28,SR16003,ACTICIDE-MVK,13
1527,2021-07-28,SR16600,RA-300S,5574
1528,2021-07-28,SR18520,DEA,255
1529,2021-07-28,SR35210,PEMA-WRE-600(5,1133
1530,2021-07-28,SR35218,WRE-580FX(55%),26120
1531,2021-07-28,SR35224,WRE-770,18816
1532,2021-07-28,SR35225,WRE-550T,5711
1533,2021-07-28,SR35228,SRE-200SD-T,2833
1534,2021-07-28,SR35556,PEMA-630XR,762
1535,2021-07-28,SR35758,M30,2026
1536,2021-07-28,SR35903,PCA3000,4557
1537,2021-07-28,SR35904,Urea-20%,12693
1538,2021-07-28,SR38117,PC소포제,34
1539,2021-07-28,SR68222,소포제(MR-130),157
1540,2021-07-29,SR11002,사용수,169901
1541,2021-07-29,SR13801,액상리그닌,142
1542,2021-07-29,SR15500,공기연행제,3235
1543,2021-07-29,SR16002,글루콘산소다,193
1544,2021-07-29,SR16003,ACTICIDE-MVK,6
1545,2021-07-29,SR16600,RA-300S,6472
1546,2021-07-29,SR18520,DEA,160
1547,2021-07-29,SR35210,PEMA-WRE-600(5,583
1548,2021-07-29,SR35218,WRE-580FX(55%),29579
1549,2021-07-29,SR35224,WRE-770,28975
1550,2021-07-29,SR35225,WRE-550T,8203
1551,2021-07-29,SR35228,SRE-200SD-T,4105
1552,2021-07-29,SR35556,PEMA-630XR,526
1553,2021-07-29,SR35758,M30,2492
1554,2021-07-29,SR35903,PCA3000,6723
1555,2021-07-29,SR35904,Urea-20%,19212
1556,2021-07-29,SR38117,PC소포제,41
1557,2021-07-29,SR68222,소포제(MR-130),227
1558,2021-07-30,SR11002,사용수,155576
1559,2021-07-30,SR13801,액상리그닌,131
1560,2021-07-30,SR15500,공기연행제,4103
1561,2021-07-30,SR16600,RA-300S,4687
1562,2021-07-30,SR35210,PEMA-WRE-600(5,2052
1563,2021-07-30,SR35218,WRE-580FX(55%),30831
1564,2021-07-30,SR35224,WRE-770,23874
1565,2021-07-30,SR35225,WRE-550T,7061
1566,2021-07-30,SR35228,SRE-200SD-T,2179
1567,2021-07-30,SR35556,PEMA-630XR,899
1568,2021-07-30,SR35758,M30,3249
1569,2021-07-30,SR35903,PCA3000,6276
1570,2021-07-30,SR35904,Urea-20%,18793
1571,2021-07-30,SR38117,PC소포제,54
1572,2021-07-30,SR68222,소포제(MR-130),187
1573,2021-07-31,SR11002,사용수,154612
1574,2021-07-31,SR13801,액상리그닌,141
1575,2021-07-31,SR16600,RA-300S,5182
1576,2021-07-31,SR18520,DEA,294
1577,2021-07-31,SR34364,PEMA-550XD,550
1578,2021-07-31,SR35218,WRE-580FX(55%),11930
1579,2021-07-31,SR35224,WRE-770,27655
1580,2021-07-31,SR35225,WRE-550T,10738
1581,2021-07-31,SR35228,SRE-200SD-T,3608
1582,2021-07-31,SR35500,PEMA-500FR,1374
1583,2021-07-31,SR35556,PEMA-630XR,996
1584,2021-07-31,SR35758,M30,1444
1585,2021-07-31,SR35903,PCA3000,6396
1586,2021-07-31,SR35904,Urea-20%,18565
1587,2021-07-31,SR38117,PC소포제,38
1588,2021-07-31,SR68222,소포제(MR-130),208
1589,2021-08-01,SR11002,사용수,101235
1590,2021-08-01,SR13801,액상리그닌,83
1591,2021-08-01,SR15500,공기연행제,2231
1592,2021-08-01,SR16600,RA-300S,3883
1593,2021-08-01,SR35218,WRE-580FX(55%),13681
1594,2021-08-01,SR35224,WRE-770,21576
1595,2021-08-01,SR35225,WRE-550T,4086
1596,2021-08-01,SR35228,SRE-200SD-T,2151
1597,2021-08-01,SR35500,PEMA-500FR,86
1598,2021-08-01,SR35760,MONODN1501,2
1599,2021-08-01,SR35761,MONODN1502,2
1600,2021-08-01,SR35765,BDG,34
1601,2021-08-01,SR35903,PCA3000,4813
1602,2021-08-01,SR35904,Urea-20%,14248
1603,2021-08-01,SR38117,PC소포제,12
1604,2021-08-01,SR68222,소포제(MR-130),151
1605,2021-08-02,SR11002,사용수,61397
1606,2021-08-02,SR13801,액상리그닌,69
1607,2021-08-02,SR15500,공기연행제,5982
1608,2021-08-02,SR16600,RA-300S,1987
1609,2021-08-02,SR35218,WRE-580FX(55%),10006
1610,2021-08-02,SR35224,WRE-770,10919
1611,2021-08-02,SR35225,WRE-550T,7548
1612,2021-08-02,SR35228,SRE-200SD-T,2436
1613,2021-08-02,SR35903,PCA3000,2229
1614,2021-08-02,SR35904,Urea-20%,6663
1615,2021-08-02,SR38117,PC소포제,8
1616,2021-08-02,SR68222,소포제(MR-130),91
1617,2021-08-04,SR11002,사용수,86446
1618,2021-08-04,SR13801,액상리그닌,98
1619,2021-08-04,SR15500,공기연행제,1578
1620,2021-08-04,SR16600,RA-300S,2817
1621,2021-08-04,SR35210,PEMA-WRE-600(5,545
1622,2021-08-04,SR35218,WRE-580FX(55%),40101
1623,2021-08-04,SR35224,WRE-770,16074
1624,2021-08-04,SR35225,WRE-550T,10677
1625,2021-08-04,SR35228,SRE-200SD-T,1479
1626,2021-08-04,SR35556,PEMA-630XR,836
1627,2021-08-04,SR35758,M30,954
1628,2021-08-04,SR35903,PCA3000,3920
1629,2021-08-04,SR35904,Urea-20%,12731
1630,2021-08-04,SR38117,PC소포제,21
1631,2021-08-04,SR68222,소포제(MR-130),122
1632,2021-08-05,SR11002,사용수,138928
1633,2021-08-05,SR13801,액상리그닌,106
1634,2021-08-05,SR16002,글루콘산소다,418
1635,2021-08-05,SR16600,RA-300S,3367
1636,2021-08-05,SR34364,PEMA-550XD,566
1637,2021-08-05,SR35210,PEMA-WRE-600(5,54
1638,2021-08-05,SR35218,WRE-580FX(55%),23298
1639,2021-08-05,SR35224,WRE-770,14606
1640,2021-08-05,SR35225,WRE-550T,8766
1641,2021-08-05,SR35228,SRE-200SD-T,4428
1642,2021-08-05,SR35500,PEMA-500FR,1416
1643,2021-08-05,SR35556,PEMA-630XR,1026
1644,2021-08-05,SR35758,M30,4906
1645,2021-08-05,SR35903,PCA3000,3333
1646,2021-08-05,SR35904,Urea-20%,10469
1647,2021-08-05,SR38117,PC소포제,67
1648,2021-08-05,SR68222,소포제(MR-130),140
1649,2021-08-06,SR11002,사용수,155635
1650,2021-08-06,SR13801,액상리그닌,139
1651,2021-08-06,SR15500,공기연행제,775
1652,2021-08-06,SR16002,글루콘산소다,420
1653,2021-08-06,SR16003,ACTICIDE-MVK,3
1654,2021-08-06,SR16600,RA-300S,5630
1655,2021-08-06,SR18520,DEA,92
1656,2021-08-06,SR35210,PEMA-WRE-600(5,458
1657,2021-08-06,SR35218,WRE-580FX(55%),8206
1658,2021-08-06,SR35224,WRE-770,24348
1659,2021-08-06,SR35225,WRE-550T,6349
1660,2021-08-06,SR35228,SRE-200SD-T,4582
1661,2021-08-06,SR35556,PEMA-630XR,1766
1662,2021-08-06,SR35758,M30,1145
1663,2021-08-06,SR35903,PCA3000,6691
1664,2021-08-06,SR35904,Urea-20%,17631
1665,2021-08-06,SR38117,PC소포제,24
1666,2021-08-06,SR68222,소포제(MR-130),237
1667,2021-08-07,SR11002,사용수,140553
1668,2021-08-07,SR13801,액상리그닌,129
1669,2021-08-07,SR15500,공기연행제,2544
1670,2021-08-07,SR16600,RA-300S,4412
1671,2021-08-07,SR18520,DEA,72
1672,2021-08-07,SR35218,WRE-580FX(55%),34283
1673,2021-08-07,SR35224,WRE-770,23233
1674,2021-08-07,SR35225,WRE-550T,12299
1675,2021-08-07,SR35228,SRE-200SD-T,2976
1676,2021-08-07,SR35758,M30,3344
1677,2021-08-07,SR35903,PCA3000,5310
1678,2021-08-07,SR35904,Urea-20%,16584
1679,2021-08-07,SR38117,PC소포제,47
1680,2021-08-07,SR68222,소포제(MR-130),171
1681,2021-08-08,SR11002,사용수,135746
1682,2021-08-08,SR13801,액상리그닌,105
1683,2021-08-08,SR16002,글루콘산소다,564
1684,2021-08-08,SR16600,RA-300S,4845
1685,2021-08-08,SR34364,PEMA-550XD,707
1686,2021-08-08,SR35218,WRE-580FX(55%),5162
1687,2021-08-08,SR35224,WRE-770,23552
1688,2021-08-08,SR35225,WRE-550T,5149
1689,2021-08-08,SR35228,SRE-200SD-T,2109
1690,2021-08-08,SR35500,PEMA-500FR,1768
1691,2021-08-08,SR35556,PEMA-630XR,1282
1692,2021-08-08,SR35758,M30,1273
1693,2021-08-08,SR35903,PCA3000,6001
1694,2021-08-08,SR35904,Urea-20%,17777
1695,2021-08-08,SR38117,PC소포제,25
1696,2021-08-08,SR68222,소포제(MR-130),181
1697,2021-08-09,SR11002,사용수,66778
1698,2021-08-09,SR13801,액상리그닌,96
1699,2021-08-09,SR16600,RA-300S,1399
1700,2021-08-09,SR35210,PEMA-WRE-600(5,2292
1701,2021-08-09,SR35218,WRE-580FX(55%),18605
1702,2021-08-09,SR35224,WRE-770,7592
1703,2021-08-09,SR35225,WRE-550T,9869
1704,2021-08-09,SR35228,SRE-200SD-T,2931
1705,2021-08-09,SR35758,M30,382
1706,2021-08-09,SR35903,PCA3000,1217
1707,2021-08-09,SR35904,Urea-20%,2952
1708,2021-08-09,SR38117,PC소포제,35
1709,2021-08-09,SR68222,소포제(MR-130),69
1710,2021-08-11,SR11002,사용수,106714
1711,2021-08-11,SR13801,액상리그닌,84
1712,2021-08-11,SR15500,공기연행제,9300
1713,2021-08-11,SR16002,글루콘산소다,38
1714,2021-08-11,SR16600,RA-300S,3714
1715,2021-08-11,SR35210,PEMA-WRE-600(5,544
1716,2021-08-11,SR35218,WRE-580FX(55%),7499
1717,2021-08-11,SR35224,WRE-770,16179
1718,2021-08-11,SR35225,WRE-550T,3552
1719,2021-08-11,SR35228,SRE-200SD-T,3563
1720,2021-08-11,SR35556,PEMA-630XR,730
1721,2021-08-11,SR35758,M30,1308
1722,2021-08-11,SR35903,PCA3000,4316
1723,2021-08-11,SR35904,Urea-20%,10082
1724,2021-08-11,SR38117,PC소포제,15
1725,2021-08-11,SR68222,소포제(MR-130),147
1726,2021-08-12,SR11002,사용수,155777
1727,2021-08-12,SR13801,액상리그닌,122
1728,2021-08-12,SR15500,공기연행제,5358
1729,2021-08-12,SR16002,글루콘산소다,174
1730,2021-08-12,SR16600,RA-300S,4427
1731,2021-08-12,SR35218,WRE-580FX(55%),36941
1732,2021-08-12,SR35224,WRE-770,20851
1733,2021-08-12,SR35225,WRE-550T,7864
1734,2021-08-12,SR35228,SRE-200SD-T,4766
1735,2021-08-12,SR35500,PEMA-500FR,696
1736,2021-08-12,SR35758,M30,3852
1737,2021-08-12,SR35760,MONODN1501,19
1738,2021-08-12,SR35761,MONODN1502,19
1739,2021-08-12,SR35765,BDG,274
1740,2021-08-12,SR35903,PCA3000,4769
1741,2021-08-12,SR35904,Urea-20%,15831
1742,2021-08-12,SR38117,PC소포제,59
1743,2021-08-12,SR68222,소포제(MR-130),177
1744,2021-08-13,SR11002,사용수,149819
1745,2021-08-13,SR13801,액상리그닌,145
1746,2021-08-13,SR16600,RA-300S,4341
1747,2021-08-13,SR35210,PEMA-WRE-600(5,747
1748,2021-08-13,SR35218,WRE-580FX(55%),14229
1749,2021-08-13,SR35224,WRE-770,24193
1750,2021-08-13,SR35225,WRE-550T,13075
1751,2021-08-13,SR35228,SRE-200SD-T,2603
1752,2021-08-13,SR35556,PEMA-630XR,138
1753,2021-08-13,SR35758,M30,3334
1754,2021-08-13,SR35903,PCA3000,5587
1755,2021-08-13,SR35904,Urea-20%,16605
1756,2021-08-13,SR38117,PC소포제,60
1757,2021-08-13,SR68222,소포제(MR-130),180
1758,2021-08-14,SR11002,사용수,159909
1759,2021-08-14,SR13801,액상리그닌,149
1760,2021-08-14,SR15500,공기연행제,2558
1761,2021-08-14,SR16002,글루콘산소다,213
1762,2021-08-14,SR16600,RA-300S,5822
1763,2021-08-14,SR34311,PEMA-350B,63
1764,2021-08-14,SR35217,SRE-110(50%),63
1765,2021-08-14,SR35218,WRE-580FX(55%),28464
1766,2021-08-14,SR35224,WRE-770,27962
1767,2021-08-14,SR35225,WRE-550T,9238
1768,2021-08-14,SR35228,SRE-200SD-T,5556
1769,2021-08-14,SR35556,PEMA-630XR,438
1770,2021-08-14,SR35760,MONODN1501,3
1771,2021-08-14,SR35761,MONODN1502,3
1772,2021-08-14,SR35765,BDG,37
1773,2021-08-14,SR35903,PCA3000,6723
1774,2021-08-14,SR35904,Urea-20%,20006
1775,2021-08-14,SR38117,PC소포제,13
1776,2021-08-14,SR68222,소포제(MR-130),241
1777,2021-08-15,SR11002,사용수,144918
1778,2021-08-15,SR13801,액상리그닌,131
1779,2021-08-15,SR16003,ACTICIDE-MVK,6
1780,2021-08-15,SR16600,RA-300S,5310
1781,2021-08-15,SR18520,DEA,52
1782,2021-08-15,SR34364,PEMA-550XD,328
1783,2021-08-15,SR35218,WRE-580FX(55%),17234
1784,2021-08-15,SR35224,WRE-770,21307
1785,2021-08-15,SR35225,WRE-550T,10551
1786,2021-08-15,SR35228,SRE-200SD-T,6128
1787,2021-08-15,SR35500,PEMA-500FR,819
1788,2021-08-15,SR35556,PEMA-630XR,594
1789,2021-08-15,SR35758,M30,1449
1790,2021-08-15,SR35903,PCA3000,4451
1791,2021-08-15,SR35904,Urea-20%,12034
1792,2021-08-15,SR38117,PC소포제,31
1793,2021-08-15,SR68222,소포제(MR-130),193
1794,2021-08-16,SR11002,사용수,37030
1795,2021-08-16,SR13801,액상리그닌,27
1796,2021-08-16,SR16600,RA-300S,1315
1797,2021-08-16,SR34364,PEMA-550XD,252
1798,2021-08-16,SR35218,WRE-580FX(55%),1208
1799,2021-08-16,SR35224,WRE-770,8004
1800,2021-08-16,SR35225,WRE-550T,1905
1801,2021-08-16,SR35228,SRE-200SD-T,443
1802,2021-08-16,SR35500,PEMA-500FR,629
1803,2021-08-16,SR35556,PEMA-630XR,456
1804,2021-08-16,SR35903,PCA3000,1755
1805,2021-08-16,SR35904,Urea-20%,5044
1806,2021-08-16,SR38117,PC소포제,3
1807,2021-08-16,SR68222,소포제(MR-130),54
1808,2021-08-18,SR11002,사용수,85124
1809,2021-08-18,SR13801,액상리그닌,71
1810,2021-08-18,SR16600,RA-300S,2566
1811,2021-08-18,SR35210,PEMA-WRE-600(5,216
1812,2021-08-18,SR35218,WRE-580FX(55%),13292
1813,2021-08-18,SR35224,WRE-770,13685
1814,2021-08-18,SR35225,WRE-550T,5201
1815,2021-08-18,SR35228,SRE-200SD-T,880
1816,2021-08-18,SR35556,PEMA-630XR,788
1817,2021-08-18,SR35758,M30,2458
1818,2021-08-18,SR35903,PCA3000,3669
1819,2021-08-18,SR35904,Urea-20%,10361
1820,2021-08-18,SR38117,PC소포제,30
1821,2021-08-18,SR68222,소포제(MR-130),107
1822,2021-08-19,SR11002,사용수,123189
1823,2021-08-19,SR13801,액상리그닌,114
1824,2021-08-19,SR15500,공기연행제,5524
1825,2021-08-19,SR16002,글루콘산소다,445
1826,2021-08-19,SR16600,RA-300S,4304
1827,2021-08-19,SR18520,DEA,44
1828,2021-08-19,SR35218,WRE-580FX(55%),48510
1829,2021-08-19,SR35224,WRE-770,21805
1830,2021-08-19,SR35225,WRE-550T,10126
1831,2021-08-19,SR35228,SRE-200SD-T,3014
1832,2021-08-19,SR35758,M30,1273
1833,2021-08-19,SR35903,PCA3000,5055
1834,2021-08-19,SR35904,Urea-20%,18253
1835,2021-08-19,SR38117,PC소포제,17
1836,2021-08-19,SR68222,소포제(MR-130),171
1837,2021-08-20,SR11002,사용수,111753
1838,2021-08-20,SR13801,액상리그닌,99
1839,2021-08-20,SR15500,공기연행제,1663
1840,2021-08-20,SR16600,RA-300S,3957
1841,2021-08-20,SR34364,PEMA-550XD,185
1842,2021-08-20,SR35218,WRE-580FX(55%),18360
1843,2021-08-20,SR35224,WRE-770,18648
1844,2021-08-20,SR35225,WRE-550T,5713
1845,2021-08-20,SR35228,SRE-200SD-T,4649
1846,2021-08-20,SR35500,PEMA-500FR,464
1847,2021-08-20,SR35556,PEMA-630XR,336
1848,2021-08-20,SR35903,PCA3000,4202
1849,2021-08-20,SR35904,Urea-20%,12186
1850,2021-08-20,SR38117,PC소포제,11
1851,2021-08-20,SR68222,소포제(MR-130),161
1852,2021-08-21,SR11002,사용수,145276
1853,2021-08-21,SR13801,액상리그닌,132
1854,2021-08-21,SR15500,공기연행제,2823
1855,2021-08-21,SR16003,ACTICIDE-MVK,12
1856,2021-08-21,SR16600,RA-300S,6313
1857,2021-08-21,SR18520,DEA,61
1858,2021-08-21,SR34364,PEMA-550XD,223
1859,2021-08-21,SR35210,PEMA-WRE-600(5,204
1860,2021-08-21,SR35218,WRE-580FX(55%),13106
1861,2021-08-21,SR35224,WRE-770,23440
1862,2021-08-21,SR35225,WRE-550T,9283
1863,2021-08-21,SR35228,SRE-200SD-T,5012
1864,2021-08-21,SR35500,PEMA-500FR,642
1865,2021-08-21,SR35556,PEMA-630XR,884
1866,2021-08-21,SR35758,M30,1203
1867,2021-08-21,SR35760,MONODN1501,2
1868,2021-08-21,SR35761,MONODN1502,2
1869,2021-08-21,SR35765,BDG,34
1870,2021-08-21,SR35903,PCA3000,5149
1871,2021-08-21,SR35904,Urea-20%,13533
1872,2021-08-21,SR38117,PC소포제,30
1873,2021-08-21,SR68222,소포제(MR-130),204
1874,2021-08-22,SR11002,사용수,139420
1875,2021-08-22,SR13801,액상리그닌,110
1876,2021-08-22,SR16600,RA-300S,4172
1877,2021-08-22,SR18520,DEA,342
1878,2021-08-22,SR34364,PEMA-550XD,731
1879,2021-08-22,SR35218,WRE-580FX(55%),8109
1880,2021-08-22,SR35224,WRE-770,23016
1881,2021-08-22,SR35225,WRE-550T,7328
1882,2021-08-22,SR35228,SRE-200SD-T,2898
1883,2021-08-22,SR35500,PEMA-500FR,1828
1884,2021-08-22,SR35556,PEMA-630XR,1786
1885,2021-08-22,SR35758,M30,2823
1886,2021-08-22,SR35903,PCA3000,5298
1887,2021-08-22,SR35904,Urea-20%,13973
1888,2021-08-22,SR38117,PC소포제,51
1889,2021-08-22,SR68222,소포제(MR-130),173
1890,2021-08-23,SR11002,사용수,49263
1891,2021-08-23,SR13801,액상리그닌,65
1892,2021-08-23,SR16600,RA-300S,979
1893,2021-08-23,SR35210,PEMA-WRE-600(5,1465
1894,2021-08-23,SR35218,WRE-580FX(55%),17352
1895,2021-08-23,SR35224,WRE-770,6796
1896,2021-08-23,SR35225,WRE-550T,8055
1897,2021-08-23,SR35228,SRE-200SD-T,708
1898,2021-08-23,SR35758,M30,1374
1899,2021-08-23,SR35903,PCA3000,1210
1900,2021-08-23,SR35904,Urea-20%,3585
1901,2021-08-23,SR38117,PC소포제,33
1902,2021-08-23,SR68222,소포제(MR-130),43
1903,2021-08-25,SR11002,사용수,110717
1904,2021-08-25,SR13801,액상리그닌,91
1905,2021-08-25,SR16002,글루콘산소다,324
1906,2021-08-25,SR16600,RA-300S,3368
1907,2021-08-25,SR34364,PEMA-550XD,485
1908,2021-08-25,SR35210,PEMA-WRE-600(5,504
1909,2021-08-25,SR35218,WRE-580FX(55%),4893
1910,2021-08-25,SR35224,WRE-770,17889
1911,2021-08-25,SR35225,WRE-550T,6059
1912,2021-08-25,SR35228,SRE-200SD-T,1274
1913,2021-08-25,SR35500,PEMA-500FR,1211
1914,2021-08-25,SR35556,PEMA-630XR,1435
1915,2021-08-25,SR35758,M30,2087
1916,2021-08-25,SR35903,PCA3000,4581
1917,2021-08-25,SR35904,Urea-20%,13031
1918,2021-08-25,SR38117,PC소포제,36
1919,2021-08-25,SR68222,소포제(MR-130),140
1920,2021-08-26,SR11002,사용수,91353
1921,2021-08-26,SR13801,액상리그닌,87
1922,2021-08-26,SR16002,글루콘산소다,118
1923,2021-08-26,SR16600,RA-300S,2611
1924,2021-08-26,SR34364,PEMA-550XD,323
1925,2021-08-26,SR35218,WRE-580FX(55%),13580
1926,2021-08-26,SR35224,WRE-770,13908
1927,2021-08-26,SR35225,WRE-550T,8508
1928,2021-08-26,SR35228,SRE-200SD-T,2149
1929,2021-08-26,SR35500,PEMA-500FR,809
1930,2021-08-26,SR35556,PEMA-630XR,586
1931,2021-08-26,SR35758,M30,1896
1932,2021-08-26,SR35903,PCA3000,3121
1933,2021-08-26,SR35904,Urea-20%,9795
1934,2021-08-26,SR38117,PC소포제,35
1935,2021-08-26,SR68222,소포제(MR-130),109
1936,2021-08-27,SR11002,사용수,102394
1937,2021-08-27,SR13801,액상리그닌,89
1938,2021-08-27,SR15500,공기연행제,7504
1939,2021-08-27,SR16600,RA-300S,3421
1940,2021-08-27,SR35218,WRE-580FX(55%),10592
1941,2021-08-27,SR35224,WRE-770,18902
1942,2021-08-27,SR35225,WRE-550T,4923
1943,2021-08-27,SR35228,SRE-200SD-T,2458
1944,2021-08-27,SR35556,PEMA-630XR,649
1945,2021-08-27,SR35758,M30,910
1946,2021-08-27,SR35903,PCA3000,4467
1947,2021-08-27,SR35904,Urea-20%,12615
1948,2021-08-27,SR38117,PC소포제,20
1949,2021-08-27,SR68222,소포제(MR-130),152
1950,2021-08-28,SR11002,사용수,92187
1951,2021-08-28,SR13801,액상리그닌,89
1952,2021-08-28,SR15500,공기연행제,885
1953,2021-08-28,SR16600,RA-300S,3250
1954,2021-08-28,SR34364,PEMA-550XD,201
1955,2021-08-28,SR35218,WRE-580FX(55%),32043
1956,2021-08-28,SR35224,WRE-770,18355
1957,2021-08-28,SR35225,WRE-550T,9111
1958,2021-08-28,SR35228,SRE-200SD-T,1129
1959,2021-08-28,SR35500,PEMA-500FR,502
1960,2021-08-28,SR35556,PEMA-630XR,364
1961,2021-08-28,SR35758,M30,998
1962,2021-08-28,SR35903,PCA3000,4230
1963,2021-08-28,SR35904,Urea-20%,14272
1964,2021-08-28,SR38117,PC소포제,16
1965,2021-08-28,SR68222,소포제(MR-130),125
1966,2021-08-29,SR11002,사용수,101744
1967,2021-08-29,SR13801,액상리그닌,88
1968,2021-08-29,SR15500,공기연행제,7408
1969,2021-08-29,SR16002,글루콘산소다,102
1970,2021-08-29,SR16600,RA-300S,3467
1971,2021-08-29,SR18520,DEA,344
1972,2021-08-29,SR35210,PEMA-WRE-600(5,415
1973,2021-08-29,SR35218,WRE-580FX(55%),5286
1974,2021-08-29,SR35224,WRE-770,18972
1975,2021-08-29,SR35225,WRE-550T,4821
1976,2021-08-29,SR35228,SRE-200SD-T,3448
1977,2021-08-29,SR35556,PEMA-630XR,865
1978,2021-08-29,SR35903,PCA3000,4441
1979,2021-08-29,SR35904,Urea-20%,11683
1980,2021-08-29,SR38117,PC소포제,8
1981,2021-08-29,SR68222,소포제(MR-130),162
1982,2021-08-30,SR11002,사용수,61370
1983,2021-08-30,SR13801,액상리그닌,75
1984,2021-08-30,SR16600,RA-300S,2023
1985,2021-08-30,SR35210,PEMA-WRE-600(5,1572
1986,2021-08-30,SR35218,WRE-580FX(55%),12971
1987,2021-08-30,SR35224,WRE-770,9913
1988,2021-08-30,SR35225,WRE-550T,6965
1989,2021-08-30,SR35228,SRE-200SD-T,1083
1990,2021-08-30,SR35758,M30,262
1991,2021-08-30,SR35903,PCA3000,2429
1992,2021-08-30,SR35904,Urea-20%,6298
1993,2021-08-30,SR38117,PC소포제,17
1994,2021-08-30,SR68222,소포제(MR-130),73
1995,2021-09-01,SR11002,사용수,88769
1996,2021-09-01,SR13801,액상리그닌,73
1997,2021-09-01,SR16600,RA-300S,3206
1998,2021-09-01,SR35210,PEMA-WRE-600(5,805
1999,2021-09-01,SR35218,WRE-580FX(55%),4339
2000,2021-09-01,SR35224,WRE-770,15898
2001,2021-09-01,SR35225,WRE-550T,1800
2002,2021-09-01,SR35228,SRE-200SD-T,1777
2003,2021-09-01,SR35500,PEMA-500FR,462
2004,2021-09-01,SR35758,M30,134
2005,2021-09-01,SR35760,MONODN1501,12
2006,2021-09-01,SR35761,MONODN1502,12
2007,2021-09-01,SR35765,BDG,182
2008,2021-09-01,SR35903,PCA3000,3920
2009,2021-09-01,SR35904,Urea-20%,10884
2010,2021-09-01,SR38117,PC소포제,16
2011,2021-09-01,SR68222,소포제(MR-130),119
2012,2021-09-02,SR11002,사용수,101528
2013,2021-09-02,SR13801,액상리그닌,86
2014,2021-09-02,SR15500,공기연행제,3930
2015,2021-09-02,SR16600,RA-300S,3606
2016,2021-09-02,SR18520,DEA,378
2017,2021-09-02,SR35210,PEMA-WRE-600(5,221
2018,2021-09-02,SR35218,WRE-580FX(55%),5031
2019,2021-09-02,SR35224,WRE-770,18644
2020,2021-09-02,SR35225,WRE-550T,3543
2021,2021-09-02,SR35228,SRE-200SD-T,3833
2022,2021-09-02,SR35556,PEMA-630XR,542
2023,2021-09-02,SR35903,PCA3000,4328
2024,2021-09-02,SR35904,Urea-20%,11269
2025,2021-09-02,SR38117,PC소포제,9
2026,2021-09-02,SR68222,소포제(MR-130),157
2027,2021-09-03,SR11002,사용수,170458
2028,2021-09-03,SR13801,액상리그닌,166
2029,2021-09-03,SR15500,공기연행제,8596
2030,2021-09-03,SR16600,RA-300S,4070
2031,2021-09-03,SR35210,PEMA-WRE-600(5,689
2032,2021-09-03,SR35218,WRE-580FX(55%),30481
2033,2021-09-03,SR35224,WRE-770,21914
2034,2021-09-03,SR35225,WRE-550T,18382
2035,2021-09-03,SR35228,SRE-200SD-T,3534
2036,2021-09-03,SR35556,PEMA-630XR,842
2037,2021-09-03,SR35758,M30,6556
2038,2021-09-03,SR35903,PCA3000,5162
2039,2021-09-03,SR35904,Urea-20%,14425
2040,2021-09-03,SR38117,PC소포제,92
2041,2021-09-03,SR68222,소포제(MR-130),180
2042,2021-09-04,SR11002,사용수,176611
2043,2021-09-04,SR13801,액상리그닌,144
2044,2021-09-04,SR16002,글루콘산소다,429
2045,2021-09-04,SR16600,RA-300S,5881
2046,2021-09-04,SR35210,PEMA-WRE-600(5,770
2047,2021-09-04,SR35218,WRE-580FX(55%),62105
2048,2021-09-04,SR35224,WRE-770,28859
2049,2021-09-04,SR35225,WRE-550T,7705
2050,2021-09-04,SR35228,SRE-200SD-T,2725
2051,2021-09-04,SR35758,M30,3484
2052,2021-09-04,SR35903,PCA3000,7233
2053,2021-09-04,SR35904,Urea-20%,26388
2054,2021-09-04,SR38117,PC소포제,52
2055,2021-09-04,SR68222,소포제(MR-130),216
2056,2021-09-05,SR11002,사용수,187435
2057,2021-09-05,SR13801,액상리그닌,184
2058,2021-09-05,SR15500,공기연행제,9271
2059,2021-09-05,SR16600,RA-300S,5518
2060,2021-09-05,SR34364,PEMA-550XD,65
2061,2021-09-05,SR35218,WRE-580FX(55%),26007
2062,2021-09-05,SR35224,WRE-770,28551
2063,2021-09-05,SR35225,WRE-550T,19856
2064,2021-09-05,SR35228,SRE-200SD-T,5803
2065,2021-09-05,SR35500,PEMA-500FR,257
2066,2021-09-05,SR35556,PEMA-630XR,119
2067,2021-09-05,SR35758,M30,3539
2068,2021-09-05,SR35760,MONODN1501,3
2069,2021-09-05,SR35761,MONODN1502,3
2070,2021-09-05,SR35765,BDG,37
2071,2021-09-05,SR35903,PCA3000,6248
2072,2021-09-05,SR35904,Urea-20%,17997
2073,2021-09-05,SR38117,PC소포제,54
2074,2021-09-05,SR68222,소포제(MR-130),236
2075,2021-09-06,SR11002,사용수,72340
2076,2021-09-06,SR13801,액상리그닌,59
2077,2021-09-06,SR16002,글루콘산소다,435
2078,2021-09-06,SR16600,RA-300S,2703
2079,2021-09-06,SR35218,WRE-580FX(55%),4564
2080,2021-09-06,SR35224,WRE-770,12600
2081,2021-09-06,SR35225,WRE-550T,2692
2082,2021-09-06,SR35228,SRE-200SD-T,2307
2083,2021-09-06,SR35903,PCA3000,3186
2084,2021-09-06,SR35904,Urea-20%,9308
2085,2021-09-06,SR68222,소포제(MR-130),111
2086,2021-09-09,SR11002,사용수,159277
2087,2021-09-09,SR13801,액상리그닌,126
2088,2021-09-09,SR15500,공기연행제,1769
2089,2021-09-09,SR16600,RA-300S,5006
2090,2021-09-09,SR35218,WRE-580FX(55%),18683
2091,2021-09-09,SR35224,WRE-770,26786
2092,2021-09-09,SR35225,WRE-550T,8739
2093,2021-09-09,SR35228,SRE-200SD-T,3504
2094,2021-09-09,SR35758,M30,3668
2095,2021-09-09,SR35903,PCA3000,5997
2096,2021-09-09,SR35904,Urea-20%,17239
2097,2021-09-09,SR38117,PC소포제,52
2098,2021-09-09,SR68222,소포제(MR-130),197
2099,2021-09-10,SR11002,사용수,139879
2100,2021-09-10,SR13801,액상리그닌,137
2101,2021-09-10,SR16002,글루콘산소다,449
2102,2021-09-10,SR16003,ACTICIDE-MVK,19
2103,2021-09-10,SR16600,RA-300S,7509
2104,2021-09-10,SR18520,DEA,339
2105,2021-09-10,SR34364,PEMA-550XD,322
2106,2021-09-10,SR35218,WRE-580FX(55%),24113
2107,2021-09-10,SR35224,WRE-770,25237
2108,2021-09-10,SR35225,WRE-550T,8391
2109,2021-09-10,SR35228,SRE-200SD-T,4388
2110,2021-09-10,SR35500,PEMA-500FR,805
2111,2021-09-10,SR35556,PEMA-630XR,583
2112,2021-09-10,SR35903,PCA3000,5631
2113,2021-09-10,SR35904,Urea-20%,17275
2114,2021-09-10,SR38117,PC소포제,21
2115,2021-09-10,SR68222,소포제(MR-130),207
2116,2021-09-11,SR11002,사용수,161568
2117,2021-09-11,SR13801,액상리그닌,151
2118,2021-09-11,SR15500,공기연행제,6913
2119,2021-09-11,SR16002,글루콘산소다,443
2120,2021-09-11,SR16600,RA-300S,4978
2121,2021-09-11,SR35218,WRE-580FX(55%),31033
2122,2021-09-11,SR35224,WRE-770,20063
2123,2021-09-11,SR35225,WRE-550T,11740
2124,2021-09-11,SR35228,SRE-200SD-T,6528
2125,2021-09-11,SR35758,M30,2980
2126,2021-09-11,SR35903,PCA3000,4956
2127,2021-09-11,SR35904,Urea-20%,15452
2128,2021-09-11,SR38117,PC소포제,43
2129,2021-09-11,SR68222,소포제(MR-130),201
2130,2021-09-12,SR11002,사용수,152572
2131,2021-09-12,SR13801,액상리그닌,123
2132,2021-09-12,SR15500,공기연행제,1142
2133,2021-09-12,SR16600,RA-300S,4830
2134,2021-09-12,SR34364,PEMA-550XD,130
2135,2021-09-12,SR35210,PEMA-WRE-600(5,302
2136,2021-09-12,SR35218,WRE-580FX(55%),25809
2137,2021-09-12,SR35224,WRE-770,22527
2138,2021-09-12,SR35225,WRE-550T,6112
2139,2021-09-12,SR35228,SRE-200SD-T,7252
2140,2021-09-12,SR35500,PEMA-500FR,324
2141,2021-09-12,SR35556,PEMA-630XR,1118
2142,2021-09-12,SR35758,M30,1038
2143,2021-09-12,SR35903,PCA3000,5041
2144,2021-09-12,SR35904,Urea-20%,12845
2145,2021-09-12,SR38117,PC소포제,23
2146,2021-09-12,SR68222,소포제(MR-130),219
2147,2021-09-13,SR11002,사용수,112172
2148,2021-09-13,SR13801,액상리그닌,139
2149,2021-09-13,SR16600,RA-300S,2990
2150,2021-09-13,SR18520,DEA,313
2151,2021-09-13,SR34364,PEMA-550XD,270
2152,2021-09-13,SR35210,PEMA-WRE-600(5,1945
2153,2021-09-13,SR35218,WRE-580FX(55%),27855
2154,2021-09-13,SR35224,WRE-770,18691
2155,2021-09-13,SR35225,WRE-550T,12982
2156,2021-09-13,SR35228,SRE-200SD-T,3181
2157,2021-09-13,SR35500,PEMA-500FR,675
2158,2021-09-13,SR35556,PEMA-630XR,975
2159,2021-09-13,SR35758,M30,324
2160,2021-09-13,SR35903,PCA3000,3817
2161,2021-09-13,SR35904,Urea-20%,11614
2162,2021-09-13,SR38117,PC소포제,43
2163,2021-09-13,SR68222,소포제(MR-130),145
2164,2021-09-15,SR11002,사용수,19480
2165,2021-09-15,SR13801,액상리그닌,14
2166,2021-09-15,SR15500,공기연행제,5898
2167,2021-09-15,SR16600,RA-300S,244
2168,2021-09-15,SR35218,WRE-580FX(55%),3361
2169,2021-09-15,SR35225,WRE-550T,1481
2170,2021-09-15,SR35228,SRE-200SD-T,1192
2171,2021-09-15,SR35758,M30,1235
2172,2021-09-15,SR38117,PC소포제,14
2173,2021-09-15,SR68222,소포제(MR-130),13
2174,2021-09-16,SR11002,사용수,137313
2175,2021-09-16,SR13801,액상리그닌,113
2176,2021-09-16,SR15500,공기연행제,5386
2177,2021-09-16,SR16600,RA-300S,5100
2178,2021-09-16,SR35210,PEMA-WRE-600(5,185
2179,2021-09-16,SR35218,WRE-580FX(55%),3379
2180,2021-09-16,SR35224,WRE-770,28599
2181,2021-09-16,SR35225,WRE-550T,6239
2182,2021-09-16,SR35228,SRE-200SD-T,1645
2183,2021-09-16,SR35556,PEMA-630XR,392
2184,2021-09-16,SR35758,M30,1609
2185,2021-09-16,SR35903,PCA3000,6756
2186,2021-09-16,SR35904,Urea-20%,17433
2187,2021-09-16,SR38117,PC소포제,27
2188,2021-09-16,SR68222,소포제(MR-130),194
2189,2021-09-17,SR11002,사용수,141027
2190,2021-09-17,SR13801,액상리그닌,122
2191,2021-09-17,SR16600,RA-300S,4001
2192,2021-09-17,SR35210,PEMA-WRE-600(5,876
2193,2021-09-17,SR35218,WRE-580FX(55%),7878
2194,2021-09-17,SR35224,WRE-770,23205
2195,2021-09-17,SR35225,WRE-550T,8671
2196,2021-09-17,SR35228,SRE-200SD-T,2272
2197,2021-09-17,SR35556,PEMA-630XR,484
2198,2021-09-17,SR35758,M30,3422
2199,2021-09-17,SR35903,PCA3000,5277
2200,2021-09-17,SR35904,Urea-20%,14265
2201,2021-09-17,SR38117,PC소포제,58
2202,2021-09-17,SR68222,소포제(MR-130),170
2203,2021-09-18,SR11002,사용수,140065
2204,2021-09-18,SR13801,액상리그닌,107
2205,2021-09-18,SR16600,RA-300S,4092
2206,2021-09-18,SR34364,PEMA-550XD,463
2207,2021-09-18,SR35218,WRE-580FX(55%),26665
2208,2021-09-18,SR35224,WRE-770,21853
2209,2021-09-18,SR35225,WRE-550T,6729
2210,2021-09-18,SR35228,SRE-200SD-T,3558
2211,2021-09-18,SR35500,PEMA-500FR,1685
2212,2021-09-18,SR35556,PEMA-630XR,839
2213,2021-09-18,SR35758,M30,2002
2214,2021-09-18,SR35760,MONODN1501,14
2215,2021-09-18,SR35761,MONODN1502,14
2216,2021-09-18,SR35765,BDG,208
2217,2021-09-18,SR35903,PCA3000,4895
2218,2021-09-18,SR35904,Urea-20%,16788
2219,2021-09-18,SR38117,PC소포제,43
2220,2021-09-18,SR68222,소포제(MR-130),175
2221,2021-09-19,SR11002,사용수,107692
2222,2021-09-19,SR13801,액상리그닌,99
2223,2021-09-19,SR15500,공기연행제,754
2224,2021-09-19,SR16002,글루콘산소다,228
2225,2021-09-19,SR16600,RA-300S,3512
2226,2021-09-19,SR34364,PEMA-550XD,1147
2227,2021-09-19,SR35218,WRE-580FX(55%),22378
2228,2021-09-19,SR35224,WRE-770,16107
2229,2021-09-19,SR35225,WRE-550T,8231
2230,2021-09-19,SR35228,SRE-200SD-T,3419
2231,2021-09-19,SR35500,PEMA-500FR,2867
2232,2021-09-19,SR35556,PEMA-630XR,2078
2233,2021-09-19,SR35903,PCA3000,3909
2234,2021-09-19,SR35904,Urea-20%,12567
2235,2021-09-19,SR38117,PC소포제,18
2236,2021-09-19,SR68222,소포제(MR-130),142
2237,2021-09-20,SR11002,사용수,58249
2238,2021-09-20,SR13801,액상리그닌,69
2239,2021-09-20,SR16600,RA-300S,1278
2240,2021-09-20,SR35210,PEMA-WRE-600(5,510
2241,2021-09-20,SR35218,WRE-580FX(55%),12939
2242,2021-09-20,SR35224,WRE-770,7644
2243,2021-09-20,SR35225,WRE-550T,9132
2244,2021-09-20,SR35228,SRE-200SD-T,2461
2245,2021-09-20,SR35758,M30,1054
2246,2021-09-20,SR35903,PCA3000,1262
2247,2021-09-20,SR35904,Urea-20%,3851
2248,2021-09-20,SR38117,PC소포제,23
2249,2021-09-20,SR68222,소포제(MR-130),68
2250,2021-09-22,SR11002,사용수,120366
2251,2021-09-22,SR13801,액상리그닌,103
2252,2021-09-22,SR16003,ACTICIDE-MVK,11
2253,2021-09-22,SR16600,RA-300S,5241
2254,2021-09-22,SR18520,DEA,259
2255,2021-09-22,SR35210,PEMA-WRE-600(5,1181
2256,2021-09-22,SR35218,WRE-580FX(55%),23501
2257,2021-09-22,SR35224,WRE-770,18412
2258,2021-09-22,SR35225,WRE-550T,5354
2259,2021-09-22,SR35228,SRE-200SD-T,3058
2260,2021-09-22,SR35556,PEMA-630XR,846
2261,2021-09-22,SR35758,M30,1954
2262,2021-09-22,SR35903,PCA3000,4578
2263,2021-09-22,SR35904,Urea-20%,12410
2264,2021-09-22,SR38117,PC소포제,33
2265,2021-09-22,SR68222,소포제(MR-130),158
2266,2021-09-23,SR11002,사용수,180791
2267,2021-09-23,SR13801,액상리그닌,156
2268,2021-09-23,SR15500,공기연행제,2686
2269,2021-09-23,SR16002,글루콘산소다,267
2270,2021-09-23,SR16003,ACTICIDE-MVK,12
2271,2021-09-23,SR16600,RA-300S,7505
2272,2021-09-23,SR18520,DEA,217
2273,2021-09-23,SR35210,PEMA-WRE-600(5,779
2274,2021-09-23,SR35218,WRE-580FX(55%),31775
2275,2021-09-23,SR35224,WRE-770,31120
2276,2021-09-23,SR35225,WRE-550T,9174
2277,2021-09-23,SR35228,SRE-200SD-T,4172
2278,2021-09-23,SR35556,PEMA-630XR,504
2279,2021-09-23,SR35758,M30,2585
2280,2021-09-23,SR35903,PCA3000,7056
2281,2021-09-23,SR35904,Urea-20%,20436
2282,2021-09-23,SR38117,PC소포제,46
2283,2021-09-23,SR68222,소포제(MR-130),243
2284,2021-09-24,SR11002,사용수,171406
2285,2021-09-24,SR13801,액상리그닌,145
2286,2021-09-24,SR15500,공기연행제,4876
2287,2021-09-24,SR16600,RA-300S,4977
2288,2021-09-24,SR35210,PEMA-WRE-600(5,2451
2289,2021-09-24,SR35218,WRE-580FX(55%),36138
2290,2021-09-24,SR35224,WRE-770,24996
2291,2021-09-24,SR35225,WRE-550T,8028
2292,2021-09-24,SR35228,SRE-200SD-T,2993
2293,2021-09-24,SR35556,PEMA-630XR,1230
2294,2021-09-24,SR35758,M30,3714
2295,2021-09-24,SR35903,PCA3000,6567
2296,2021-09-24,SR35904,Urea-20%,19004
2297,2021-09-24,SR38117,PC소포제,63
2298,2021-09-24,SR68222,소포제(MR-130),206
2299,2021-09-25,SR11002,사용수,158360
2300,2021-09-25,SR13801,액상리그닌,149
2301,2021-09-25,SR16600,RA-300S,5308
2302,2021-09-25,SR18520,DEA,314
2303,2021-09-25,SR34364,PEMA-550XD,497
2304,2021-09-25,SR35218,WRE-580FX(55%),14971
2305,2021-09-25,SR35224,WRE-770,27662
2306,2021-09-25,SR35225,WRE-550T,12328
2307,2021-09-25,SR35228,SRE-200SD-T,3948
2308,2021-09-25,SR35500,PEMA-500FR,1244
2309,2021-09-25,SR35556,PEMA-630XR,902
2310,2021-09-25,SR35758,M30,1557
2311,2021-09-25,SR35903,PCA3000,6456
2312,2021-09-25,SR35904,Urea-20%,18680
2313,2021-09-25,SR38117,PC소포제,36
2314,2021-09-25,SR68222,소포제(MR-130),211
2315,2021-09-26,SR11002,사용수,115124
2316,2021-09-26,SR13801,액상리그닌,94
2317,2021-09-26,SR15500,공기연행제,2435
2318,2021-09-26,SR16600,RA-300S,4440
2319,2021-09-26,SR35218,WRE-580FX(55%),16376
2320,2021-09-26,SR35224,WRE-770,24761
2321,2021-09-26,SR35225,WRE-550T,4778
2322,2021-09-26,SR35228,SRE-200SD-T,2363
2323,2021-09-26,SR35903,PCA3000,5542
2324,2021-09-26,SR35904,Urea-20%,16620
2325,2021-09-26,SR38117,PC소포제,12
2326,2021-09-26,SR68222,소포제(MR-130),173
2327,2021-09-27,SR11002,사용수,69306
2328,2021-09-27,SR13801,액상리그닌,77
2329,2021-09-27,SR15500,공기연행제,6902
2330,2021-09-27,SR16600,RA-300S,2186
2331,2021-09-27,SR35218,WRE-580FX(55%),10894
2332,2021-09-27,SR35224,WRE-770,12171
2333,2021-09-27,SR35225,WRE-550T,8157
2334,2021-09-27,SR35228,SRE-200SD-T,2936
2335,2021-09-27,SR35903,PCA3000,2399
2336,2021-09-27,SR35904,Urea-20%,7157
2337,2021-09-27,SR38117,PC소포제,9
2338,2021-09-27,SR68222,소포제(MR-130),103
2339,2021-09-29,SR11002,사용수,105119
2340,2021-09-29,SR13801,액상리그닌,115
2341,2021-09-29,SR15500,공기연행제,1974
2342,2021-09-29,SR16600,RA-300S,3368
2343,2021-09-29,SR35210,PEMA-WRE-600(5,602
2344,2021-09-29,SR35218,WRE-580FX(55%),41956
2345,2021-09-29,SR35224,WRE-770,19538
2346,2021-09-29,SR35225,WRE-550T,11464
2347,2021-09-29,SR35228,SRE-200SD-T,1879
2348,2021-09-29,SR35556,PEMA-630XR,963
2349,2021-09-29,SR35758,M30,1252
2350,2021-09-29,SR35903,PCA3000,4672
2351,2021-09-29,SR35904,Urea-20%,14935
2352,2021-09-29,SR38117,PC소포제,27
2353,2021-09-29,SR68222,소포제(MR-130),148
2354,2021-09-30,SR11002,사용수,157331
2355,2021-09-30,SR13801,액상리그닌,121
2356,2021-09-30,SR16002,글루콘산소다,507
2357,2021-09-30,SR16600,RA-300S,3902
2358,2021-09-30,SR34364,PEMA-550XD,647
2359,2021-09-30,SR35210,PEMA-WRE-600(5,57
2360,2021-09-30,SR35218,WRE-580FX(55%),24945
2361,2021-09-30,SR35224,WRE-770,16777
2362,2021-09-30,SR35225,WRE-550T,9393
2363,2021-09-30,SR35228,SRE-200SD-T,5676
2364,2021-09-30,SR35500,PEMA-500FR,1617
2365,2021-09-30,SR35556,PEMA-630XR,1173
2366,2021-09-30,SR35758,M30,4896
2367,2021-09-30,SR35903,PCA3000,3720
2368,2021-09-30,SR35904,Urea-20%,11447
2369,2021-09-30,SR38117,PC소포제,71
2370,2021-09-30,SR68222,소포제(MR-130),165
2371,2021-10-01,SR11002,사용수,183715
2372,2021-10-01,SR13801,액상리그닌,166
2373,2021-10-01,SR15500,공기연행제,889
2374,2021-10-01,SR16002,글루콘산소다,508
2375,2021-10-01,SR16003,ACTICIDE-MVK,3
2376,2021-10-01,SR16600,RA-300S,6459
2377,2021-10-01,SR18520,DEA,99
2378,2021-10-01,SR35210,PEMA-WRE-600(5,591
2379,2021-10-01,SR35218,WRE-580FX(55%),9975
2380,2021-10-01,SR35224,WRE-770,28094
2381,2021-10-01,SR35225,WRE-550T,7911
2382,2021-10-01,SR35228,SRE-200SD-T,5598
2383,2021-10-01,SR35556,PEMA-630XR,2294
2384,2021-10-01,SR35758,M30,1625
2385,2021-10-01,SR35903,PCA3000,7722
2386,2021-10-01,SR35904,Urea-20%,19687
2387,2021-10-01,SR38117,PC소포제,33
2388,2021-10-01,SR68222,소포제(MR-130),276
2389,2021-10-02,SR11002,사용수,172870
2390,2021-10-02,SR13801,액상리그닌,164
2391,2021-10-02,SR15500,공기연행제,4121
2392,2021-10-02,SR16600,RA-300S,5438
2393,2021-10-02,SR18520,DEA,75
2394,2021-10-02,SR35218,WRE-580FX(55%),43598
2395,2021-10-02,SR35224,WRE-770,28003
2396,2021-10-02,SR35225,WRE-550T,16290
2397,2021-10-02,SR35228,SRE-200SD-T,4118
2398,2021-10-02,SR35758,M30,3886
2399,2021-10-02,SR35903,PCA3000,6405
2400,2021-10-02,SR35904,Urea-20%,19852
2401,2021-10-02,SR38117,PC소포제,55
2402,2021-10-02,SR68222,소포제(MR-130),211
2403,2021-10-03,SR11002,사용수,156138
2404,2021-10-03,SR13801,액상리그닌,122
2405,2021-10-03,SR16002,글루콘산소다,676
2406,2021-10-03,SR16600,RA-300S,5588
2407,2021-10-03,SR34364,PEMA-550XD,820
2408,2021-10-03,SR35218,WRE-580FX(55%),5915
2409,2021-10-03,SR35224,WRE-770,27064
2410,2021-10-03,SR35225,WRE-550T,5775
2411,2021-10-03,SR35228,SRE-200SD-T,2603
2412,2021-10-03,SR35500,PEMA-500FR,2051
2413,2021-10-03,SR35556,PEMA-630XR,1487
2414,2021-10-03,SR35758,M30,1299
2415,2021-10-03,SR35903,PCA3000,6873
2416,2021-10-03,SR35904,Urea-20%,20390
2417,2021-10-03,SR38117,PC소포제,27
2418,2021-10-03,SR68222,소포제(MR-130),211
2419,2021-10-04,SR11002,사용수,80597
2420,2021-10-04,SR13801,액상리그닌,109
2421,2021-10-04,SR16600,RA-300S,1731
2422,2021-10-04,SR35210,PEMA-WRE-600(5,2742
2423,2021-10-04,SR35218,WRE-580FX(55%),20275
2424,2021-10-04,SR35224,WRE-770,9432
2425,2021-10-04,SR35225,WRE-550T,10379
2426,2021-10-04,SR35228,SRE-200SD-T,3446
2427,2021-10-04,SR35758,M30,457
2428,2021-10-04,SR35903,PCA3000,1546
2429,2021-10-04,SR35904,Urea-20%,3748
2430,2021-10-04,SR38117,PC소포제,41
2431,2021-10-04,SR68222,소포제(MR-130),85
2432,2021-10-06,SR11002,사용수,128199
2433,2021-10-06,SR13801,액상리그닌,100
2434,2021-10-06,SR15500,공기연행제,10916
2435,2021-10-06,SR16002,글루콘산소다,44
2436,2021-10-06,SR16600,RA-300S,4470
2437,2021-10-06,SR35210,PEMA-WRE-600(5,608
2438,2021-10-06,SR35218,WRE-580FX(55%),9051
2439,2021-10-06,SR35224,WRE-770,19494
2440,2021-10-06,SR35225,WRE-550T,4220
2441,2021-10-06,SR35228,SRE-200SD-T,4343
2442,2021-10-06,SR35556,PEMA-630XR,813
2443,2021-10-06,SR35758,M30,1474
2444,2021-10-06,SR35903,PCA3000,5169
2445,2021-10-06,SR35904,Urea-20%,12308
2446,2021-10-06,SR38117,PC소포제,16
2447,2021-10-06,SR68222,소포제(MR-130),178
2448,2021-10-07,SR11002,사용수,182002
2449,2021-10-07,SR13801,액상리그닌,145
2450,2021-10-07,SR15500,공기연행제,6570
2451,2021-10-07,SR16002,글루콘산소다,314
2452,2021-10-07,SR16600,RA-300S,5290
2453,2021-10-07,SR35218,WRE-580FX(55%),42659
2454,2021-10-07,SR35224,WRE-770,25282
2455,2021-10-07,SR35225,WRE-550T,9242
2456,2021-10-07,SR35228,SRE-200SD-T,5432
2457,2021-10-07,SR35500,PEMA-500FR,834
2458,2021-10-07,SR35758,M30,4258
2459,2021-10-07,SR35760,MONODN1501,22
2460,2021-10-07,SR35761,MONODN1502,22
2461,2021-10-07,SR35765,BDG,328
2462,2021-10-07,SR35903,PCA3000,5727
2463,2021-10-07,SR35904,Urea-20%,18719
2464,2021-10-07,SR38117,PC소포제,66
2465,2021-10-07,SR68222,소포제(MR-130),212
2466,2021-10-08,SR11002,사용수,174797
2467,2021-10-08,SR13801,액상리그닌,179
2468,2021-10-08,SR16600,RA-300S,5054
2469,2021-10-08,SR35210,PEMA-WRE-600(5,847
2470,2021-10-08,SR35218,WRE-580FX(55%),19361
2471,2021-10-08,SR35224,WRE-770,28283
2472,2021-10-08,SR35225,WRE-550T,17237
2473,2021-10-08,SR35228,SRE-200SD-T,3277
2474,2021-10-08,SR35556,PEMA-630XR,154
2475,2021-10-08,SR35758,M30,3693
2476,2021-10-08,SR35903,PCA3000,6452
2477,2021-10-08,SR35904,Urea-20%,19205
2478,2021-10-08,SR38117,PC소포제,68
2479,2021-10-08,SR68222,소포제(MR-130),211
2480,2021-10-09,SR11002,사용수,187101
2481,2021-10-09,SR13801,액상리그닌,171
2482,2021-10-09,SR15500,공기연행제,3343
2483,2021-10-09,SR16002,글루콘산소다,232
2484,2021-10-09,SR16600,RA-300S,6751
2485,2021-10-09,SR34311,PEMA-350B,67
2486,2021-10-09,SR35217,SRE-110(50%),67
2487,2021-10-09,SR35218,WRE-580FX(55%),32988
2488,2021-10-09,SR35224,WRE-770,31398
2489,2021-10-09,SR35225,WRE-550T,10256
2490,2021-10-09,SR35228,SRE-200SD-T,7126
2491,2021-10-09,SR35556,PEMA-630XR,482
2492,2021-10-09,SR35760,MONODN1501,3
2493,2021-10-09,SR35761,MONODN1502,3
2494,2021-10-09,SR35765,BDG,39
2495,2021-10-09,SR35903,PCA3000,7579
2496,2021-10-09,SR35904,Urea-20%,22493
2497,2021-10-09,SR38117,PC소포제,14
2498,2021-10-09,SR68222,소포제(MR-130),281
